-- phpMyAdmin SQL Dump
-- version 4.8.5
-- https://www.phpmyadmin.net/
--
-- Host: 127.0.0.1:3306
-- Generation Time: Feb 12, 2020 at 12:24 PM
-- Server version: 5.7.26
-- PHP Version: 7.3.5

SET SQL_MODE = "NO_AUTO_VALUE_ON_ZERO";
SET AUTOCOMMIT = 0;
START TRANSACTION;
SET time_zone = "+00:00";


/*!40101 SET @OLD_CHARACTER_SET_CLIENT=@@CHARACTER_SET_CLIENT */;
/*!40101 SET @OLD_CHARACTER_SET_RESULTS=@@CHARACTER_SET_RESULTS */;
/*!40101 SET @OLD_COLLATION_CONNECTION=@@COLLATION_CONNECTION */;
/*!40101 SET NAMES utf8mb4 */;

--
-- Database: `transfarstu_db`
--

-- --------------------------------------------------------

--
-- Table structure for table `backgrounds`
--

DROP TABLE IF EXISTS `backgrounds`;
CREATE TABLE IF NOT EXISTS `backgrounds` (
  `id` int(10) UNSIGNED NOT NULL AUTO_INCREMENT,
  `stu_id` int(10) UNSIGNED NOT NULL,
  `seen` tinyint(1) DEFAULT NULL,
  `status` tinyint(1) DEFAULT NULL,
  `path` varchar(191) COLLATE utf8mb4_unicode_ci NOT NULL,
  `created_at` timestamp NULL DEFAULT NULL,
  `updated_at` timestamp NULL DEFAULT NULL,
  PRIMARY KEY (`id`),
  KEY `backgrounds_stu_id_index` (`stu_id`)
) ENGINE=InnoDB DEFAULT CHARSET=utf8mb4 COLLATE=utf8mb4_unicode_ci;

-- --------------------------------------------------------

--
-- Table structure for table `courses`
--

DROP TABLE IF EXISTS `courses`;
CREATE TABLE IF NOT EXISTS `courses` (
  `id` int(10) UNSIGNED NOT NULL AUTO_INCREMENT,
  `department_id` int(10) UNSIGNED NOT NULL,
  `Course_number` varchar(191) COLLATE utf8mb4_unicode_ci NOT NULL,
  `Course_name` varchar(191) COLLATE utf8mb4_unicode_ci NOT NULL,
  `Hours` int(11) NOT NULL,
  PRIMARY KEY (`id`),
  KEY `courses_department_id_index` (`department_id`)
) ENGINE=InnoDB AUTO_INCREMENT=199 DEFAULT CHARSET=utf8mb4 COLLATE=utf8mb4_unicode_ci;

--
-- Dumping data for table `courses`
--

INSERT INTO `courses` (`id`, `department_id`, `Course_number`, `Course_name`, `Hours`) VALUES
(1, 1, '4800170-6', 'اللغة الانجليزية', 6),
(2, 1, '4800150-2', 'مهارات الحاسب الالي1', 2),
(3, 1, '4800130-4', 'فيزياء عامة (1)', 4),
(4, 1, '4800140-4', 'مقدمة في الرياضيات (1)', 4),
(5, 1, '4800141-4', 'مقدمة في الرياضيات (2)', 4),
(6, 1, '4800153-3', 'مهارات برمجة الحاسب', 3),
(7, 1, '4800104-3', 'مهارات التعلم', 3),
(8, 1, '4800171-4', 'اللغة الانجليزية التقنية', 4),
(9, 1, '404151-4', 'المدخل إلى نظريه المجموعات', 4),
(10, 1, '404231-3', 'مبادىء الاحصاء والاحتمالات', 3),
(11, 1, '1402101-3', 'مقدمة في نظم المعلومات', 3),
(12, 1, '1401102-3', 'برمجة الحاسب الآلي', 3),
(13, 1, '1401213-3', 'تحليل وتصميم منطقي', 3),
(14, 1, '601101-2', 'الثقافه الاسلاميه(1)', 2),
(15, 1, '605101-2', 'القرآن الكريم(1)', 2),
(16, 1, '1401104-3', 'البرمجة الهيكلية', 3),
(17, 1, '1401214-3', 'تنظيم الحاسبات والبرمجة بلغة التجميع', 3),
(18, 1, '1401211-3', 'البرمجة علي الشبكة العنكبوتية', 3),
(19, 1, '1401210-3', 'هياكل متقطعة', 3),
(20, 1, '601201-2', 'الثقافه الاسلاميه(2)', 2),
(21, 1, '605201-2', 'القرآن الكريم(2)', 2),
(22, 1, '1401105-3', 'برمجة متقدمة', 3),
(23, 1, '1401215-3', 'عمارة الحاسب', 3),
(24, 1, '1401217-3', 'برمجة منطقية', 3),
(25, 1, '1401431-3', 'الحاسب والمجتمع', 3),
(26, 1, '601301-3', 'الثقافه الاسلاميه(3)', 3),
(27, 1, '1401218-4', 'هياكل بيانات وخوارزميات', 4),
(28, 1, '1401311-3', 'نظم التشغيل', 3),
(29, 1, '1401330-3', 'الرسومات بالحاسب', 3),
(30, 1, '1401231-3', 'لغات البرمجة', 3),
(31, 1, '102101-2', 'السيرة النبوية', 2),
(32, 1, '605301-2', 'القرآن الكريم(3)', 2),
(33, 1, '1401227-3', 'تنظيم ومعالجة الملفات', 3),
(34, 1, '1401222-3', 'تحليل وتصميم النظم', 3),
(35, 1, '1401310-3', 'تركيب المترجمات', 3),
(36, 1, '1401417-3', 'نظم شبكات الحاسب', 3),
(37, 1, '501101-2', 'اللغه العربيه (1)', 2),
(38, 1, '1401333-3', 'اتصال الإنسان بالحاسب', 3),
(39, 1, '1401233-3', 'تطوير تطبيقات الانترنت', 3),
(40, 1, '1401312-3', 'مباديء قواعد البيانات', 3),
(41, 1, '1401313-3', 'هندسة البرمجيات', 3),
(42, 1, '402101-4', 'الكيمياء العامة(1)', 4),
(43, 1, '605401-2', 'القرآن الكريم(4)', 2),
(44, 1, '1401332-3', 'مقدمة في الذكاء الاصطناعي', 3),
(45, 1, '1401335-3', 'قواعد البيانات المتقدمة', 3),
(46, 1, '1401419-4', 'مشروع بحث', 4),
(47, 1, '404322-4', 'تحليل عددى', 4),
(48, 1, '601401-2', 'الثقافه الاسلاميه(4)', 2),
(49, 1, '1401334-3', 'نظم الحاسبات الموزعة والمتوازية', 3),
(50, 1, '1401432-3', 'نظم أمن الحاسبات', 3),
(51, 1, '1401439-4', 'مشروع تخرج', 4),
(52, 2, '4800170-6', 'اللغة الانجليزية', 6),
(53, 2, '4800150-2', 'مهارات الحاسب الالي1', 2),
(54, 2, '4800130-4', 'فيزياء عامة (1)', 4),
(55, 2, '4800140-4', 'مقدمة في الرياضيات (1)', 4),
(56, 2, '4800141-4', 'مقدمة في الرياضيات (2)', 4),
(57, 2, '4800153-3', 'مهارات برمجة الحاسب', 3),
(58, 2, '4800104-3', 'مهارات التعلم', 3),
(59, 2, '4800171-4', 'اللغة الانجليزية التقنية', 4),
(60, 2, '102101-2', 'السيرة النبوية', 2),
(61, 2, '402101-4', 'الكيمياء العامة(1)', 4),
(62, 2, '601101-2', 'الثقافه الاسلاميه(1)', 2),
(63, 2, '605101-2', 'القرآن الكريم(1)', 2),
(64, 2, '800201-3', 'رياضيات هندسية1', 3),
(65, 2, '1401102-3', 'برمجة الحاسب الآلي', 3),
(66, 2, '403102-4', 'فيزياء عامه 2', 4),
(67, 2, '601201-2', 'الثقافه الاسلاميه(2)', 2),
(68, 2, '605201-2', 'القرآن الكريم(2)', 2),
(69, 2, '800202-3', 'رياضيات هندسية 2', 3),
(70, 2, '1401104-3', 'البرمجة الهيكلية', 3),
(71, 2, '1403201-4', 'نظرية الدوائر', 4),
(72, 2, '601301-3', 'الثقافه الاسلاميه(3)', 3),
(73, 2, '605301-2', 'القرآن الكريم(3)', 2),
(74, 2, '802321-3', 'تحليل الاشارات', 3),
(75, 2, '804343-3', 'احصاء هندسى ونظريه احتمالات', 3),
(76, 2, '1403271-4', 'نظرية الفتح والقفل والتصميم المنطقي', 4),
(77, 2, '1403311-4', 'إلكترونيات', 4),
(78, 2, '601401-2', 'الثقافه الاسلاميه(4)', 2),
(79, 2, '605401-2', 'القرآن الكريم(4)', 2),
(80, 2, '1403372-4', 'تنسيق الحاسبات', 4),
(81, 2, '1403381-3', 'تحليل عددي', 3),
(82, 2, '1401105-3', 'برمجة متقدمة', 3),
(83, 2, '1403312-4', 'دوائر وأنظمة الالكترونات الرقمية', 4),
(84, 2, '1403300-2', 'التدريب الصيفي1', 2),
(85, 2, '804344-2', 'الاقتصاد الهندسي', 2),
(86, 2, '1403371-4', 'التصميم المنطقي المتقدم', 4),
(87, 2, '1403401-2', 'حلقات دراسية', 2),
(88, 2, '1401210-3', 'هياكل متقطعة', 3),
(89, 2, '1401218-4', 'هياكل بيانات وخوارزميات', 4),
(90, 2, '1403322-4', 'اتصالات الحاسبات', 4),
(91, 2, '501101-2', 'اللغه العربيه (1)', 2),
(92, 2, '1403472-3', 'بناء الحاسبات', 3),
(93, 2, '1403489-4', 'وحدات التشغيل الصغيرة', 4),
(94, 2, '1403422-4', 'شبكات الحاسب الآلي', 4),
(95, 2, '1401311-3', 'نظم التشغيل', 3),
(96, 2, '1403400-2', 'التدريب الصيفي2', 2),
(97, 2, '804345-2', 'ادارة هندسية', 2),
(98, 2, '1403364-3', 'مباديء تصميم الدوائر المتكاملة', 3),
(99, 2, '1403499-4', 'المشروع', 4),
(100, 2, '1403450-4', 'تصميم أنظمة الحاسبات المصغرة', 4),
(101, 2, '1401313-3', 'هندسة البرمجيات', 3),
(102, 3, '48021400-4', 'تفاضل وتكامل (1)', 4),
(103, 3, '48021200-4', 'كيمياء عامة (1)', 4),
(104, 3, '48021503-3', 'مهارات برمجة الحاسب الالي', 3),
(105, 3, '48021700-6', 'اللغة الانجليزية (1)', 6),
(106, 3, '48021401-4', 'تفاضل وتكامل (2)', 4),
(107, 3, '48021701-4', 'اللغة الانجليزية التقنية', 4),
(108, 3, '48021300-4', 'فيزياء عامة(1)', 4),
(109, 3, '48021002-3', 'مهارات التعلم', 3),
(110, 3, '601101-2', 'الثقافه الاسلاميه(1)', 2),
(111, 3, '605101-2', 'القرآن الكريم(1)', 2),
(112, 3, '14011101-4', 'برمجة الحاسب الآلي', 4),
(113, 3, '14011801-3', 'هياكل متقطعة (1)', 3),
(114, 3, '14021601-3', 'مهارات حل المسائل', 3),
(115, 3, '14021101-3', 'مقدمة في نظم المعلومات', 3),
(116, 3, '605201-2', 'القرآن الكريم(2)', 2),
(117, 3, '4042402-4', 'الجبر الخطي (1)', 4),
(118, 3, '14031201-4', 'التصميم الرقمي المنطقي', 4),
(119, 3, '14011102-4', 'برمجة كائنية التوجه', 4),
(120, 3, '14011802-3', 'هياكل متقطعة (2)', 3),
(121, 3, '601201-2', 'الثقافه الاسلاميه(2)', 2),
(122, 3, '605301-2', 'القرآن الكريم(3)', 2),
(123, 3, '4042301-3', 'مبادئ الاحصاء والاحتمالات', 3),
(124, 3, '14032205-4', 'تنظيم وعمارة الحاسب', 4),
(125, 3, '14012301-3', 'قواعد البيانات(1)', 3),
(126, 3, '14022201-3', 'مهارات تقنية المعلومات', 3),
(127, 3, '605401-2', 'القرآن الكريم(4)', 2),
(128, 3, '14022401-3', 'تقنيات الانترنت', 3),
(129, 3, '14012401-3', 'هياكل البيانات', 3),
(130, 3, '14032401-4', 'الطرق العددية للحساب', 4),
(131, 3, '14022202-3', 'نظم التشغيل والشبكات', 3),
(132, 3, '601301-3', 'الثقافه الاسلاميه(3)', 3),
(133, 3, '14013303-3', 'هندسة البرمجيات (1)', 3),
(134, 3, '14023901-2', 'حلقات دراسية مهنية', 2),
(135, 3, '14023102-4', 'بحوث عمليات', 4),
(136, 3, '14023202-4', 'إدارة نظم وشبكات', 4),
(137, 3, '501101-2', 'اللغه العربيه (1)', 2),
(138, 3, '14013304-3', 'هندسة البرمجيات (2)', 3),
(139, 3, '14023701-2', 'إدارة مشاريع نظم المعلومات', 2),
(140, 3, '14023301-3', 'مستودعات البيانات', 3),
(141, 3, '14023104-3', 'نظم دعم القرار', 3),
(142, 3, '14023204-3', 'أمن نظم المعلومات', 3),
(143, 3, '14023902-2', 'تدريب صيفي', 2),
(144, 3, '601401-2', 'الثقافه الاسلاميه(4)', 2),
(145, 3, '14024903-3', 'مشروع تخرج (1)', 3),
(146, 3, '14024402-3', 'تفاعل الانسان مع الحاسوب', 3),
(147, 3, '14024105-3', 'تخطيط موارد المؤسسات(1)', 3),
(148, 3, '14024103-3', 'تصميم عمليات الاعمال', 3),
(149, 3, '102101-2', 'السيرة النبوية', 2),
(150, 3, '14014305-2', 'الحاسب والمجتمع', 2),
(151, 3, '14024904-3', 'مشروع تخرج (2)', 3),
(152, 3, '14024205-3', 'الجودة والمعايير', 3),
(153, 4, '501111-50', 'النحو', 3),
(154, 4, '503191-50', 'الادب في العصر الجاهلي', 3),
(155, 4, '501121-50', 'صرف', 2),
(156, 4, '601101-50', 'الثقافة الاسلامية(1)', 2),
(157, 4, '501180-50', 'المكتبة والبحث', 2),
(158, 4, '702146-50', 'جغرافيا العالم الاسلامي', 2),
(159, 4, '501161-50', 'تدريبات لغوية', 2),
(160, 4, '501101-50', 'اللغة العربية', 2),
(161, 4, '502141-50', 'بلاغة', 3),
(162, 4, '503192-50', 'الادب الاسلامي', 2),
(163, 4, '501112-50', 'النحو', 3),
(164, 4, '501252-50', 'مدخل لعلم اللغة العام', 2),
(165, 4, '605101-50', 'القرآن الكريم', 2),
(166, 4, '501131-50', 'عروض', 2),
(167, 4, '501232-50', 'قافية', 1),
(168, 4, '602110-50', 'مدخل لعلوم القرآن الكريم', 2),
(169, 4, '501222-50', 'صرف', 2),
(170, 4, '701101-50', 'اللغة الانجليزية', 2),
(171, 4, '502242-50', 'بلاغة', 3),
(172, 4, '503295-50', 'ادب الدعوة الاسلاميه', 2),
(173, 4, '501263-50', 'فقه اللغة', 2),
(174, 4, '501336-50', 'المعاجم', 2),
(175, 4, '501324-50', 'كتاب قديم في اللغة', 2),
(176, 4, '501281-50', 'دراسات لغوية من الحديث', 2),
(177, 4, '501213-50', 'نحو', 3),
(178, 4, '601201-50', 'الثقافة الاسلامية2', 2),
(179, 4, '502263-50', 'علم المعاني', 2),
(180, 4, '502272-50', 'اعجاز القرآن', 2),
(181, 4, '605201-50', 'القرآن الكريم2', 2),
(182, 4, '501323-50', 'صرف(فرعي دقيق)', 2),
(183, 4, '501314-50', 'نحو', 3),
(184, 4, '502251-50', 'النقد الادبي', 2),
(185, 4, '503193-50', 'أدب اموي', 2),
(186, 4, '503293-50', 'ادب عباسي اول', 3),
(187, 4, '601301-50', 'الثقافة الاسلامية(3)', 3),
(188, 4, '101232-50', 'اصول الفقة', 4),
(189, 4, '501315-50', 'نحو', 3),
(190, 4, '502373-50', 'اعجاز القرآن', 2),
(191, 4, '502444-50', 'علم المعانى', 2),
(192, 4, '501264-50', 'علم الدلاله', 2),
(193, 4, '501417-50', 'اصول النحو وتاريخه', 2),
(194, 4, '605301-50', 'القرآن الكريم3', 2),
(195, 4, '501262-50', 'علم اللغة', 2),
(196, 4, '503265-50', 'المقال وفن الالقاء', 2),
(197, 4, '601401-50', 'الثقافة الاسلامية(4)', 2),
(198, 4, '502445-50', 'علم البيان', 2);

-- --------------------------------------------------------

--
-- Table structure for table `defualts`
--

DROP TABLE IF EXISTS `defualts`;
CREATE TABLE IF NOT EXISTS `defualts` (
  `id` int(10) UNSIGNED NOT NULL AUTO_INCREMENT,
  `GPA` double(8,2) NOT NULL,
  `defualt_sites` int(11) NOT NULL,
  `created_at` timestamp NULL DEFAULT NULL,
  `updated_at` timestamp NULL DEFAULT NULL,
  PRIMARY KEY (`id`)
) ENGINE=InnoDB DEFAULT CHARSET=utf8mb4 COLLATE=utf8mb4_unicode_ci;

-- --------------------------------------------------------

--
-- Table structure for table `departments`
--

DROP TABLE IF EXISTS `departments`;
CREATE TABLE IF NOT EXISTS `departments` (
  `id` int(10) UNSIGNED NOT NULL AUTO_INCREMENT,
  `name` varchar(191) COLLATE utf8mb4_unicode_ci NOT NULL,
  `weighted_of_location` double(8,2) DEFAULT NULL,
  `weighted_of_background` double(8,2) DEFAULT NULL,
  `weighted_for_another_branch` double(8,2) DEFAULT NULL,
  `weighted_for_exam` double(8,2) DEFAULT NULL,
  `weighted_for_hours` double(8,2) DEFAULT NULL,
  `sites` int(11) DEFAULT NULL,
  `note` varchar(191) COLLATE utf8mb4_unicode_ci DEFAULT NULL,
  `created_at` timestamp NULL DEFAULT NULL,
  `updated_at` timestamp NULL DEFAULT NULL,
  PRIMARY KEY (`id`)
) ENGINE=InnoDB AUTO_INCREMENT=5 DEFAULT CHARSET=utf8mb4 COLLATE=utf8mb4_unicode_ci;

--
-- Dumping data for table `departments`
--

INSERT INTO `departments` (`id`, `name`, `weighted_of_location`, `weighted_of_background`, `weighted_for_another_branch`, `weighted_for_exam`, `weighted_for_hours`, `sites`, `note`, `created_at`, `updated_at`) VALUES
(1, 'CS', NULL, NULL, NULL, NULL, NULL, NULL, NULL, NULL, NULL),
(2, 'CE', NULL, NULL, NULL, NULL, NULL, NULL, NULL, NULL, NULL),
(3, 'ISE', NULL, NULL, NULL, NULL, NULL, NULL, NULL, NULL, NULL),
(4, 'Arabic', NULL, NULL, NULL, NULL, NULL, NULL, NULL, NULL, NULL);

-- --------------------------------------------------------

--
-- Table structure for table `heads`
--

DROP TABLE IF EXISTS `heads`;
CREATE TABLE IF NOT EXISTS `heads` (
  `id` int(10) UNSIGNED NOT NULL AUTO_INCREMENT,
  `head_id` int(10) UNSIGNED NOT NULL,
  `phone` varchar(191) COLLATE utf8mb4_unicode_ci DEFAULT NULL,
  `created_at` timestamp NULL DEFAULT NULL,
  `updated_at` timestamp NULL DEFAULT NULL,
  PRIMARY KEY (`id`),
  KEY `heads_head_id_index` (`head_id`)
) ENGINE=InnoDB DEFAULT CHARSET=utf8mb4 COLLATE=utf8mb4_unicode_ci;

-- --------------------------------------------------------

--
-- Table structure for table `head_of_departments`
--

DROP TABLE IF EXISTS `head_of_departments`;
CREATE TABLE IF NOT EXISTS `head_of_departments` (
  `id` int(10) UNSIGNED NOT NULL AUTO_INCREMENT,
  `head_id` int(10) UNSIGNED NOT NULL,
  `department_id` int(10) UNSIGNED NOT NULL,
  `created_at` timestamp NULL DEFAULT NULL,
  `updated_at` timestamp NULL DEFAULT NULL,
  PRIMARY KEY (`id`),
  KEY `head_of_departments_head_id_index` (`head_id`),
  KEY `head_of_departments_department_id_index` (`department_id`)
) ENGINE=InnoDB DEFAULT CHARSET=utf8mb4 COLLATE=utf8mb4_unicode_ci;

-- --------------------------------------------------------

--
-- Table structure for table `locations`
--

DROP TABLE IF EXISTS `locations`;
CREATE TABLE IF NOT EXISTS `locations` (
  `id` int(10) UNSIGNED NOT NULL AUTO_INCREMENT,
  `branch` varchar(191) COLLATE utf8mb4_unicode_ci NOT NULL,
  `zones` text COLLATE utf8mb4_unicode_ci NOT NULL,
  PRIMARY KEY (`id`)
) ENGINE=InnoDB AUTO_INCREMENT=47 DEFAULT CHARSET=utf8mb4 COLLATE=utf8mb4_unicode_ci;

--
-- Dumping data for table `locations`
--

INSERT INTO `locations` (`id`, `branch`, `zones`) VALUES
(1, 'العابدية', 'أجياد'),
(2, 'الجموم', 'التنعيم (مكة)'),
(3, 'العابدية', 'الخالدية (مكة المكرمة)'),
(4, 'العزيزية', 'الرصيفة (مكة المكرمة)'),
(5, 'العزيزية', 'الزاهر (مكة)'),
(6, 'العزيزية ', 'الزهراء (مكة المكرمة)'),
(7, 'العابدية', 'السليمانية (مكة المكرمة)'),
(8, 'العابدية', 'الشامية (مكة)'),
(9, 'العابدية', 'الشبيكة (مكة)'),
(10, 'العابدية', 'الشوقية (مكة المكرمة)'),
(11, 'العابدية', 'الطندباوي'),
(12, 'العابدية', 'العتيبية (مكة)'),
(13, 'العابدية', 'العدل (مكة المكرمة)'),
(14, 'العزيزية ', 'العزيزية (مكة)'),
(15, 'العزيزية ', 'الغزة (مكة المكرمة)'),
(16, 'العابدية', 'القشاشية'),
(17, 'العابدية', 'الكعكية'),
(18, 'العابدية', 'المسفلة'),
(19, 'العابدية', 'المشاعر المقدسة'),
(20, 'العابدية', 'المشعر الحرام'),
(21, 'العزيزية ', 'المعابدة'),
(22, 'العابدية', 'المعيصم (مكة)'),
(23, 'العزيزية ', 'النزهة (مكة)'),
(24, 'العزيزية', 'الهنداوية (مكة المكرمة)'),
(25, 'العابدية', 'بطحاء قريش'),
(26, 'العابدية', 'جبل عمر'),
(27, 'العابدية', 'جرهم (مكة المكرمة)'),
(28, 'العابدية', 'جرول'),
(29, 'العابدية', 'حارة الباب'),
(30, 'العابدية', 'حارة الملاوي'),
(31, 'العابدية', 'حي الشرائع (مكة)'),
(32, 'العابدية', 'حي الهجرة (مكة)'),
(33, 'العابدية', 'حي كدي'),
(34, 'العابدية', 'ذات الرقاع'),
(35, 'العابدية', 'ريع بخش'),
(36, 'العابدية', 'سوق الليل'),
(37, 'العابدية', 'شارع المنصور (مكة المكرمة)'),
(38, 'العابدية', 'شعب عامر'),
(39, 'العابدية', 'مزدلفة'),
(40, 'العابدية', 'معلاة'),
(41, 'العابدية', 'منى'),
(42, 'العابدية', 'وادي الجليل(قرية)'),
(43, 'القنفذة', 'القنفذة'),
(44, 'الليث', 'الليث'),
(45, 'أضم', 'أضم'),
(46, 'العريضات', 'العريضات');

-- --------------------------------------------------------

--
-- Table structure for table `migrations`
--

DROP TABLE IF EXISTS `migrations`;
CREATE TABLE IF NOT EXISTS `migrations` (
  `id` int(10) UNSIGNED NOT NULL AUTO_INCREMENT,
  `migration` varchar(191) COLLATE utf8mb4_unicode_ci NOT NULL,
  `batch` int(11) NOT NULL,
  PRIMARY KEY (`id`)
) ENGINE=MyISAM AUTO_INCREMENT=15 DEFAULT CHARSET=utf8mb4 COLLATE=utf8mb4_unicode_ci;

--
-- Dumping data for table `migrations`
--

INSERT INTO `migrations` (`id`, `migration`, `batch`) VALUES
(1, '2013_02_03_114826_create_roles_table', 1),
(2, '2014_10_12_000000_create_users_table', 1),
(3, '2020_02_02_113727_create_locations_table', 1),
(4, '2020_02_03_114033_create_heads_table', 1),
(5, '2020_02_03_114034_create_departments_table', 1),
(6, '2020_02_03_114058_create_head_of_departments_table', 1),
(7, '2020_02_03_114143_create_students_table', 1),
(8, '2020_02_03_114235_create_results_table', 1),
(9, '2020_02_03_114331_create_defualts_table', 1),
(14, '2020_02_04_113642_create_backgrounds_table', 2),
(11, '2020_02_04_114142_create_select_departments_table', 1),
(12, '2020_02_05_182134_create_courses_table', 1),
(13, '2020_02_05_182541_create_pass_courses_table', 1);

-- --------------------------------------------------------

--
-- Table structure for table `pass_courses`
--

DROP TABLE IF EXISTS `pass_courses`;
CREATE TABLE IF NOT EXISTS `pass_courses` (
  `id` int(10) UNSIGNED NOT NULL AUTO_INCREMENT,
  `stu_id` int(10) UNSIGNED NOT NULL,
  `course_id` int(10) UNSIGNED NOT NULL,
  PRIMARY KEY (`id`),
  KEY `pass_courses_stu_id_index` (`stu_id`),
  KEY `pass_courses_course_id_index` (`course_id`)
) ENGINE=InnoDB AUTO_INCREMENT=3122 DEFAULT CHARSET=utf8mb4 COLLATE=utf8mb4_unicode_ci;

--
-- Dumping data for table `pass_courses`
--

INSERT INTO `pass_courses` (`id`, `stu_id`, `course_id`) VALUES
(378, 302, 1),
(379, 302, 2),
(380, 302, 3),
(381, 302, 4),
(382, 302, 5),
(383, 302, 6),
(384, 302, 7),
(385, 302, 8),
(386, 302, 9),
(387, 302, 10),
(388, 302, 11),
(389, 302, 12),
(390, 302, 13),
(391, 303, 1),
(392, 303, 2),
(393, 303, 3),
(394, 303, 4),
(395, 303, 5),
(396, 303, 6),
(397, 303, 7),
(398, 303, 8),
(399, 303, 9),
(400, 303, 10),
(401, 303, 11),
(402, 303, 12),
(403, 303, 13),
(404, 304, 1),
(405, 304, 2),
(406, 304, 3),
(407, 304, 4),
(408, 304, 5),
(409, 304, 6),
(410, 304, 7),
(411, 304, 8),
(412, 304, 9),
(413, 304, 10),
(414, 304, 11),
(415, 304, 12),
(416, 304, 13),
(417, 305, 1),
(418, 305, 2),
(419, 305, 3),
(420, 305, 4),
(421, 305, 5),
(422, 305, 6),
(423, 305, 7),
(424, 305, 8),
(425, 305, 9),
(426, 305, 10),
(427, 305, 11),
(428, 305, 12),
(429, 305, 13),
(430, 306, 1),
(431, 306, 2),
(432, 306, 3),
(433, 306, 4),
(434, 306, 5),
(435, 306, 6),
(436, 306, 7),
(437, 306, 8),
(438, 306, 9),
(439, 306, 10),
(440, 306, 11),
(441, 306, 12),
(442, 306, 13),
(443, 307, 1),
(444, 307, 2),
(445, 307, 3),
(446, 307, 4),
(447, 307, 5),
(448, 307, 6),
(449, 307, 7),
(450, 307, 8),
(451, 307, 9),
(452, 307, 10),
(453, 307, 11),
(454, 307, 12),
(455, 307, 13),
(456, 308, 1),
(457, 308, 2),
(458, 308, 3),
(459, 308, 4),
(460, 308, 5),
(461, 308, 6),
(462, 308, 7),
(463, 308, 8),
(464, 308, 9),
(465, 308, 10),
(466, 308, 11),
(467, 308, 12),
(468, 308, 13),
(469, 309, 1),
(470, 309, 2),
(471, 309, 3),
(472, 309, 4),
(473, 309, 5),
(474, 309, 6),
(475, 309, 7),
(476, 309, 8),
(477, 309, 9),
(478, 309, 10),
(479, 309, 11),
(480, 309, 12),
(481, 309, 13),
(482, 310, 1),
(483, 310, 2),
(484, 310, 3),
(485, 310, 4),
(486, 310, 5),
(487, 310, 6),
(488, 310, 7),
(489, 310, 8),
(490, 310, 9),
(491, 310, 10),
(492, 310, 11),
(493, 310, 12),
(494, 310, 13),
(495, 311, 1),
(496, 311, 2),
(497, 311, 3),
(498, 311, 4),
(499, 311, 5),
(500, 311, 6),
(501, 311, 7),
(502, 311, 8),
(503, 311, 9),
(504, 311, 10),
(505, 311, 11),
(506, 311, 12),
(507, 311, 13),
(508, 312, 1),
(509, 312, 2),
(510, 312, 3),
(511, 312, 4),
(512, 312, 5),
(513, 312, 6),
(514, 312, 7),
(515, 312, 8),
(516, 312, 9),
(517, 312, 10),
(518, 312, 11),
(519, 312, 12),
(520, 312, 13),
(521, 313, 1),
(522, 313, 2),
(523, 313, 3),
(524, 313, 4),
(525, 313, 5),
(526, 313, 6),
(527, 313, 7),
(528, 313, 8),
(529, 313, 9),
(530, 313, 10),
(531, 313, 11),
(532, 313, 12),
(533, 313, 13),
(534, 314, 1),
(535, 314, 2),
(536, 314, 3),
(537, 314, 4),
(538, 314, 5),
(539, 314, 6),
(540, 314, 7),
(541, 314, 8),
(542, 314, 9),
(543, 314, 10),
(544, 314, 11),
(545, 314, 12),
(546, 314, 13),
(547, 315, 1),
(548, 315, 2),
(549, 315, 3),
(550, 315, 4),
(551, 315, 5),
(552, 315, 6),
(553, 315, 7),
(554, 315, 8),
(555, 315, 9),
(556, 315, 10),
(557, 315, 11),
(558, 315, 12),
(559, 315, 13),
(560, 316, 1),
(561, 316, 2),
(562, 316, 3),
(563, 316, 4),
(564, 316, 5),
(565, 316, 6),
(566, 316, 7),
(567, 316, 8),
(568, 316, 9),
(569, 316, 10),
(570, 316, 11),
(571, 316, 12),
(572, 316, 13),
(573, 317, 1),
(574, 317, 2),
(575, 317, 3),
(576, 317, 4),
(577, 317, 5),
(578, 317, 6),
(579, 317, 7),
(580, 317, 8),
(581, 317, 9),
(582, 317, 10),
(583, 317, 11),
(584, 317, 12),
(585, 317, 13),
(586, 318, 1),
(587, 318, 2),
(588, 318, 3),
(589, 318, 4),
(590, 318, 5),
(591, 318, 6),
(592, 318, 7),
(593, 318, 8),
(594, 318, 9),
(595, 318, 10),
(596, 318, 11),
(597, 318, 12),
(598, 318, 13),
(599, 319, 1),
(600, 319, 2),
(601, 319, 3),
(602, 319, 4),
(603, 319, 5),
(604, 319, 6),
(605, 319, 7),
(606, 319, 8),
(607, 319, 9),
(608, 319, 10),
(609, 319, 11),
(610, 319, 12),
(611, 319, 13),
(612, 320, 1),
(613, 320, 2),
(614, 320, 3),
(615, 320, 4),
(616, 320, 5),
(617, 320, 6),
(618, 320, 7),
(619, 320, 8),
(620, 320, 9),
(621, 320, 10),
(622, 320, 11),
(623, 320, 12),
(624, 320, 13),
(625, 321, 1),
(626, 321, 2),
(627, 321, 3),
(628, 321, 4),
(629, 321, 5),
(630, 321, 6),
(631, 321, 7),
(632, 321, 8),
(633, 321, 9),
(634, 321, 10),
(635, 321, 11),
(636, 321, 12),
(637, 321, 13),
(638, 322, 1),
(639, 322, 2),
(640, 322, 3),
(641, 322, 4),
(642, 322, 5),
(643, 322, 6),
(644, 322, 7),
(645, 322, 8),
(646, 322, 9),
(647, 322, 10),
(648, 322, 11),
(649, 322, 12),
(650, 322, 13),
(651, 323, 1),
(652, 323, 2),
(653, 323, 3),
(654, 323, 4),
(655, 323, 5),
(656, 323, 6),
(657, 323, 7),
(658, 323, 8),
(659, 323, 9),
(660, 323, 10),
(661, 323, 11),
(662, 323, 12),
(663, 323, 13),
(664, 324, 1),
(665, 324, 2),
(666, 324, 3),
(667, 324, 4),
(668, 324, 5),
(669, 324, 6),
(670, 324, 7),
(671, 324, 8),
(672, 324, 9),
(673, 324, 10),
(674, 324, 11),
(675, 324, 12),
(676, 324, 13),
(677, 325, 1),
(678, 325, 2),
(679, 325, 3),
(680, 325, 4),
(681, 325, 5),
(682, 325, 6),
(683, 325, 7),
(684, 325, 8),
(685, 325, 9),
(686, 325, 10),
(687, 325, 11),
(688, 325, 12),
(689, 325, 13),
(690, 326, 1),
(691, 326, 2),
(692, 326, 3),
(693, 326, 4),
(694, 326, 5),
(695, 326, 6),
(696, 326, 7),
(697, 326, 8),
(698, 326, 9),
(699, 326, 10),
(700, 326, 11),
(701, 326, 12),
(702, 326, 13),
(703, 327, 1),
(704, 327, 2),
(705, 327, 3),
(706, 327, 4),
(707, 327, 5),
(708, 327, 6),
(709, 327, 7),
(710, 327, 8),
(711, 327, 9),
(712, 327, 10),
(713, 327, 11),
(714, 327, 12),
(715, 327, 13),
(716, 328, 1),
(717, 328, 2),
(718, 328, 3),
(719, 328, 4),
(720, 328, 5),
(721, 328, 6),
(722, 328, 7),
(723, 328, 8),
(724, 328, 9),
(725, 328, 10),
(726, 328, 11),
(727, 328, 12),
(728, 328, 13),
(729, 329, 1),
(730, 329, 2),
(731, 329, 3),
(732, 329, 4),
(733, 329, 5),
(734, 329, 6),
(735, 329, 7),
(736, 329, 8),
(737, 329, 9),
(738, 329, 10),
(739, 329, 11),
(740, 329, 12),
(741, 329, 13),
(742, 330, 1),
(743, 330, 2),
(744, 330, 3),
(745, 330, 4),
(746, 330, 5),
(747, 330, 6),
(748, 330, 7),
(749, 330, 8),
(750, 330, 9),
(751, 330, 10),
(752, 330, 11),
(753, 330, 12),
(754, 330, 13),
(755, 331, 1),
(756, 331, 2),
(757, 331, 3),
(758, 331, 4),
(759, 331, 5),
(760, 331, 6),
(761, 331, 7),
(762, 331, 8),
(763, 331, 9),
(764, 331, 10),
(765, 331, 11),
(766, 331, 12),
(767, 331, 13),
(768, 332, 1),
(769, 332, 2),
(770, 332, 3),
(771, 332, 4),
(772, 332, 5),
(773, 332, 6),
(774, 332, 7),
(775, 332, 8),
(776, 332, 9),
(777, 332, 10),
(778, 332, 11),
(779, 332, 12),
(780, 332, 13),
(781, 333, 1),
(782, 333, 2),
(783, 333, 3),
(784, 333, 4),
(785, 333, 5),
(786, 333, 6),
(787, 333, 7),
(788, 333, 8),
(789, 333, 9),
(790, 333, 10),
(791, 333, 11),
(792, 333, 12),
(793, 333, 13),
(794, 334, 1),
(795, 334, 2),
(796, 334, 3),
(797, 334, 4),
(798, 334, 5),
(799, 334, 6),
(800, 334, 7),
(801, 334, 8),
(802, 334, 9),
(803, 334, 10),
(804, 334, 11),
(805, 334, 12),
(806, 334, 13),
(807, 335, 1),
(808, 335, 2),
(809, 335, 3),
(810, 335, 4),
(811, 335, 5),
(812, 335, 6),
(813, 335, 7),
(814, 335, 8),
(815, 335, 9),
(816, 335, 10),
(817, 335, 11),
(818, 335, 12),
(819, 335, 13),
(820, 336, 1),
(821, 336, 2),
(822, 336, 3),
(823, 336, 4),
(824, 336, 5),
(825, 336, 6),
(826, 336, 7),
(827, 336, 8),
(828, 336, 9),
(829, 336, 10),
(830, 336, 11),
(831, 336, 12),
(832, 336, 13),
(833, 337, 1),
(834, 337, 2),
(835, 337, 3),
(836, 337, 4),
(837, 337, 5),
(838, 337, 6),
(839, 337, 7),
(840, 337, 8),
(841, 337, 9),
(842, 337, 10),
(843, 337, 11),
(844, 337, 12),
(845, 337, 13),
(846, 338, 1),
(847, 338, 2),
(848, 338, 3),
(849, 338, 4),
(850, 338, 5),
(851, 338, 6),
(852, 338, 7),
(853, 338, 8),
(854, 338, 9),
(855, 338, 10),
(856, 338, 11),
(857, 338, 12),
(858, 338, 13),
(859, 339, 1),
(860, 339, 2),
(861, 339, 3),
(862, 339, 4),
(863, 339, 5),
(864, 339, 6),
(865, 339, 7),
(866, 339, 8),
(867, 339, 9),
(868, 339, 10),
(869, 339, 11),
(870, 339, 12),
(871, 339, 13),
(872, 340, 1),
(873, 340, 2),
(874, 340, 3),
(875, 340, 4),
(876, 340, 5),
(877, 340, 6),
(878, 340, 7),
(879, 340, 8),
(880, 340, 9),
(881, 340, 10),
(882, 340, 11),
(883, 340, 12),
(884, 340, 13),
(885, 341, 1),
(886, 341, 2),
(887, 341, 3),
(888, 341, 4),
(889, 341, 5),
(890, 341, 6),
(891, 341, 7),
(892, 341, 8),
(893, 341, 9),
(894, 341, 10),
(895, 341, 11),
(896, 341, 12),
(897, 341, 13),
(898, 342, 1),
(899, 342, 2),
(900, 342, 3),
(901, 342, 4),
(902, 342, 5),
(903, 342, 6),
(904, 342, 7),
(905, 342, 8),
(906, 342, 9),
(907, 342, 10),
(908, 342, 11),
(909, 342, 12),
(910, 342, 13),
(911, 343, 1),
(912, 343, 2),
(913, 343, 3),
(914, 343, 4),
(915, 343, 5),
(916, 343, 6),
(917, 343, 7),
(918, 343, 8),
(919, 343, 9),
(920, 343, 10),
(921, 343, 11),
(922, 343, 12),
(923, 343, 13),
(924, 344, 1),
(925, 344, 2),
(926, 344, 3),
(927, 344, 4),
(928, 344, 5),
(929, 344, 6),
(930, 344, 7),
(931, 344, 8),
(932, 344, 9),
(933, 344, 10),
(934, 344, 11),
(935, 344, 12),
(936, 344, 13),
(937, 345, 1),
(938, 345, 2),
(939, 345, 3),
(940, 345, 4),
(941, 345, 5),
(942, 345, 6),
(943, 345, 7),
(944, 345, 8),
(945, 345, 9),
(946, 345, 10),
(947, 345, 11),
(948, 345, 12),
(949, 345, 13),
(950, 346, 1),
(951, 346, 2),
(952, 346, 3),
(953, 346, 4),
(954, 346, 5),
(955, 346, 6),
(956, 346, 7),
(957, 346, 8),
(958, 346, 9),
(959, 346, 10),
(960, 346, 11),
(961, 346, 12),
(962, 346, 13),
(963, 347, 1),
(964, 347, 2),
(965, 347, 3),
(966, 347, 4),
(967, 347, 5),
(968, 347, 6),
(969, 347, 7),
(970, 347, 8),
(971, 347, 9),
(972, 347, 10),
(973, 347, 11),
(974, 347, 12),
(975, 347, 13),
(976, 348, 1),
(977, 348, 2),
(978, 348, 3),
(979, 348, 4),
(980, 348, 5),
(981, 348, 6),
(982, 348, 7),
(983, 348, 8),
(984, 348, 9),
(985, 348, 10),
(986, 348, 11),
(987, 348, 12),
(988, 348, 13),
(989, 349, 1),
(990, 349, 2),
(991, 349, 3),
(992, 349, 4),
(993, 349, 5),
(994, 349, 6),
(995, 349, 7),
(996, 349, 8),
(997, 349, 9),
(998, 349, 10),
(999, 349, 11),
(1000, 349, 12),
(1001, 349, 13),
(1002, 350, 1),
(1003, 350, 2),
(1004, 350, 3),
(1005, 350, 4),
(1006, 350, 5),
(1007, 350, 6),
(1008, 350, 7),
(1009, 350, 8),
(1010, 350, 9),
(1011, 350, 10),
(1012, 350, 11),
(1013, 350, 12),
(1014, 350, 13),
(1015, 351, 1),
(1016, 351, 2),
(1017, 351, 3),
(1018, 351, 4),
(1019, 351, 5),
(1020, 351, 6),
(1021, 351, 7),
(1022, 351, 8),
(1023, 351, 9),
(1024, 351, 10),
(1025, 351, 11),
(1026, 351, 12),
(1027, 351, 13),
(1028, 352, 1),
(1029, 352, 2),
(1030, 352, 3),
(1031, 352, 4),
(1032, 352, 5),
(1033, 352, 6),
(1034, 352, 7),
(1035, 352, 8),
(1036, 352, 9),
(1037, 352, 10),
(1038, 352, 11),
(1039, 352, 12),
(1040, 352, 13),
(1041, 353, 1),
(1042, 353, 2),
(1043, 353, 3),
(1044, 353, 4),
(1045, 353, 5),
(1046, 353, 6),
(1047, 353, 7),
(1048, 353, 8),
(1049, 353, 9),
(1050, 353, 10),
(1051, 353, 11),
(1052, 353, 12),
(1053, 353, 13),
(1054, 354, 1),
(1055, 354, 2),
(1056, 354, 3),
(1057, 354, 4),
(1058, 354, 5),
(1059, 354, 6),
(1060, 354, 7),
(1061, 354, 8),
(1062, 354, 9),
(1063, 354, 10),
(1064, 354, 11),
(1065, 354, 12),
(1066, 354, 13),
(1067, 355, 1),
(1068, 355, 2),
(1069, 355, 3),
(1070, 355, 4),
(1071, 355, 5),
(1072, 355, 6),
(1073, 355, 7),
(1074, 355, 8),
(1075, 355, 9),
(1076, 355, 10),
(1077, 355, 11),
(1078, 355, 12),
(1079, 355, 13),
(1080, 356, 1),
(1081, 356, 2),
(1082, 356, 3),
(1083, 356, 4),
(1084, 356, 5),
(1085, 356, 6),
(1086, 356, 7),
(1087, 356, 8),
(1088, 356, 9),
(1089, 356, 10),
(1090, 356, 11),
(1091, 356, 12),
(1092, 356, 13),
(1093, 357, 1),
(1094, 357, 2),
(1095, 357, 3),
(1096, 357, 4),
(1097, 357, 5),
(1098, 357, 6),
(1099, 357, 7),
(1100, 357, 8),
(1101, 357, 9),
(1102, 357, 10),
(1103, 357, 11),
(1104, 357, 12),
(1105, 357, 13),
(1106, 358, 1),
(1107, 358, 2),
(1108, 358, 3),
(1109, 358, 4),
(1110, 358, 5),
(1111, 358, 6),
(1112, 358, 7),
(1113, 358, 8),
(1114, 358, 9),
(1115, 358, 10),
(1116, 358, 11),
(1117, 358, 12),
(1118, 358, 13),
(1119, 359, 1),
(1120, 359, 2),
(1121, 359, 3),
(1122, 359, 4),
(1123, 359, 5),
(1124, 359, 6),
(1125, 359, 7),
(1126, 359, 8),
(1127, 359, 9),
(1128, 359, 10),
(1129, 359, 11),
(1130, 359, 12),
(1131, 359, 13),
(1132, 360, 1),
(1133, 360, 2),
(1134, 360, 3),
(1135, 360, 4),
(1136, 360, 5),
(1137, 360, 6),
(1138, 360, 7),
(1139, 360, 8),
(1140, 360, 9),
(1141, 360, 10),
(1142, 360, 11),
(1143, 360, 12),
(1144, 360, 13),
(1145, 361, 1),
(1146, 361, 2),
(1147, 361, 3),
(1148, 361, 4),
(1149, 361, 5),
(1150, 361, 6),
(1151, 361, 7),
(1152, 361, 8),
(1153, 361, 9),
(1154, 361, 10),
(1155, 361, 11),
(1156, 361, 12),
(1157, 361, 13),
(1158, 361, 52),
(1159, 361, 53),
(1160, 361, 54),
(1161, 361, 55),
(1162, 361, 56),
(1163, 361, 57),
(1164, 361, 58),
(1165, 361, 59),
(1166, 361, 60),
(1167, 361, 61),
(1168, 361, 62),
(1169, 361, 63),
(1170, 361, 64),
(1171, 361, 65),
(1172, 362, 52),
(1173, 362, 53),
(1174, 362, 54),
(1175, 362, 55),
(1176, 362, 56),
(1177, 362, 57),
(1178, 362, 58),
(1179, 362, 59),
(1180, 362, 60),
(1181, 362, 61),
(1182, 362, 62),
(1183, 362, 63),
(1184, 362, 64),
(1185, 362, 65),
(1186, 363, 52),
(1187, 363, 53),
(1188, 363, 54),
(1189, 363, 55),
(1190, 363, 56),
(1191, 363, 57),
(1192, 363, 58),
(1193, 363, 59),
(1194, 363, 60),
(1195, 363, 61),
(1196, 363, 62),
(1197, 363, 63),
(1198, 363, 64),
(1199, 363, 65),
(1200, 364, 52),
(1201, 364, 53),
(1202, 364, 54),
(1203, 364, 55),
(1204, 364, 56),
(1205, 364, 57),
(1206, 364, 58),
(1207, 364, 59),
(1208, 364, 60),
(1209, 364, 61),
(1210, 364, 62),
(1211, 364, 63),
(1212, 364, 64),
(1213, 364, 65),
(1214, 365, 52),
(1215, 365, 53),
(1216, 365, 54),
(1217, 365, 55),
(1218, 365, 56),
(1219, 365, 57),
(1220, 365, 58),
(1221, 365, 59),
(1222, 365, 60),
(1223, 365, 61),
(1224, 365, 62),
(1225, 365, 63),
(1226, 365, 64),
(1227, 365, 65),
(1228, 366, 52),
(1229, 366, 53),
(1230, 366, 54),
(1231, 366, 55),
(1232, 366, 56),
(1233, 366, 57),
(1234, 366, 58),
(1235, 366, 59),
(1236, 366, 60),
(1237, 366, 61),
(1238, 366, 62),
(1239, 366, 63),
(1240, 366, 64),
(1241, 366, 65),
(1242, 367, 52),
(1243, 367, 53),
(1244, 367, 54),
(1245, 367, 55),
(1246, 367, 56),
(1247, 367, 57),
(1248, 367, 58),
(1249, 367, 59),
(1250, 367, 60),
(1251, 367, 61),
(1252, 367, 62),
(1253, 367, 63),
(1254, 367, 64),
(1255, 367, 65),
(1256, 368, 52),
(1257, 368, 53),
(1258, 368, 54),
(1259, 368, 55),
(1260, 368, 56),
(1261, 368, 57),
(1262, 368, 58),
(1263, 368, 59),
(1264, 368, 60),
(1265, 368, 61),
(1266, 368, 62),
(1267, 368, 63),
(1268, 368, 64),
(1269, 368, 65),
(1270, 369, 52),
(1271, 369, 53),
(1272, 369, 54),
(1273, 369, 55),
(1274, 369, 56),
(1275, 369, 57),
(1276, 369, 58),
(1277, 369, 59),
(1278, 369, 60),
(1279, 369, 61),
(1280, 369, 62),
(1281, 369, 63),
(1282, 369, 64),
(1283, 369, 65),
(1284, 370, 52),
(1285, 370, 53),
(1286, 370, 54),
(1287, 370, 55),
(1288, 370, 56),
(1289, 370, 57),
(1290, 370, 58),
(1291, 370, 59),
(1292, 370, 60),
(1293, 370, 61),
(1294, 370, 62),
(1295, 370, 63),
(1296, 370, 64),
(1297, 370, 65),
(1298, 371, 52),
(1299, 371, 53),
(1300, 371, 54),
(1301, 371, 55),
(1302, 371, 56),
(1303, 371, 57),
(1304, 371, 58),
(1305, 371, 59),
(1306, 371, 60),
(1307, 371, 61),
(1308, 371, 62),
(1309, 371, 63),
(1310, 371, 64),
(1311, 371, 65),
(1312, 372, 52),
(1313, 372, 53),
(1314, 372, 54),
(1315, 372, 55),
(1316, 372, 56),
(1317, 372, 57),
(1318, 372, 58),
(1319, 372, 59),
(1320, 372, 60),
(1321, 372, 61),
(1322, 372, 62),
(1323, 372, 63),
(1324, 372, 64),
(1325, 372, 65),
(1326, 373, 52),
(1327, 373, 53),
(1328, 373, 54),
(1329, 373, 55),
(1330, 373, 56),
(1331, 373, 57),
(1332, 373, 58),
(1333, 373, 59),
(1334, 373, 60),
(1335, 373, 61),
(1336, 373, 62),
(1337, 373, 63),
(1338, 373, 64),
(1339, 373, 65),
(1340, 374, 52),
(1341, 374, 53),
(1342, 374, 54),
(1343, 374, 55),
(1344, 374, 56),
(1345, 374, 57),
(1346, 374, 58),
(1347, 374, 59),
(1348, 374, 60),
(1349, 374, 61),
(1350, 374, 62),
(1351, 374, 63),
(1352, 374, 64),
(1353, 374, 65),
(1354, 375, 52),
(1355, 375, 53),
(1356, 375, 54),
(1357, 375, 55),
(1358, 375, 56),
(1359, 375, 57),
(1360, 375, 58),
(1361, 375, 59),
(1362, 375, 60),
(1363, 375, 61),
(1364, 375, 62),
(1365, 375, 63),
(1366, 375, 64),
(1367, 375, 65),
(1368, 376, 52),
(1369, 376, 53),
(1370, 376, 54),
(1371, 376, 55),
(1372, 376, 56),
(1373, 376, 57),
(1374, 376, 58),
(1375, 376, 59),
(1376, 376, 60),
(1377, 376, 61),
(1378, 376, 62),
(1379, 376, 63),
(1380, 376, 64),
(1381, 376, 65),
(1382, 377, 52),
(1383, 377, 53),
(1384, 377, 54),
(1385, 377, 55),
(1386, 377, 56),
(1387, 377, 57),
(1388, 377, 58),
(1389, 377, 59),
(1390, 377, 60),
(1391, 377, 61),
(1392, 377, 62),
(1393, 377, 63),
(1394, 377, 64),
(1395, 377, 65),
(1396, 378, 52),
(1397, 378, 53),
(1398, 378, 54),
(1399, 378, 55),
(1400, 378, 56),
(1401, 378, 57),
(1402, 378, 58),
(1403, 378, 59),
(1404, 378, 60),
(1405, 378, 61),
(1406, 378, 62),
(1407, 378, 63),
(1408, 378, 64),
(1409, 378, 65),
(1410, 379, 52),
(1411, 379, 53),
(1412, 379, 54),
(1413, 379, 55),
(1414, 379, 56),
(1415, 379, 57),
(1416, 379, 58),
(1417, 379, 59),
(1418, 379, 60),
(1419, 379, 61),
(1420, 379, 62),
(1421, 379, 63),
(1422, 379, 64),
(1423, 379, 65),
(1424, 380, 52),
(1425, 380, 53),
(1426, 380, 54),
(1427, 380, 55),
(1428, 380, 56),
(1429, 380, 57),
(1430, 380, 58),
(1431, 380, 59),
(1432, 380, 60),
(1433, 380, 61),
(1434, 380, 62),
(1435, 380, 63),
(1436, 380, 64),
(1437, 380, 65),
(1438, 381, 52),
(1439, 381, 53),
(1440, 381, 54),
(1441, 381, 55),
(1442, 381, 56),
(1443, 381, 57),
(1444, 381, 58),
(1445, 381, 59),
(1446, 381, 60),
(1447, 381, 61),
(1448, 381, 62),
(1449, 381, 63),
(1450, 381, 64),
(1451, 381, 65),
(1452, 382, 52),
(1453, 382, 53),
(1454, 382, 54),
(1455, 382, 55),
(1456, 382, 56),
(1457, 382, 57),
(1458, 382, 58),
(1459, 382, 59),
(1460, 382, 60),
(1461, 382, 61),
(1462, 382, 62),
(1463, 382, 63),
(1464, 382, 64),
(1465, 382, 65),
(1466, 383, 52),
(1467, 383, 53),
(1468, 383, 54),
(1469, 383, 55),
(1470, 383, 56),
(1471, 383, 57),
(1472, 383, 58),
(1473, 383, 59),
(1474, 383, 60),
(1475, 383, 61),
(1476, 383, 62),
(1477, 383, 63),
(1478, 383, 64),
(1479, 383, 65),
(1480, 384, 52),
(1481, 384, 53),
(1482, 384, 54),
(1483, 384, 55),
(1484, 384, 56),
(1485, 384, 57),
(1486, 384, 58),
(1487, 384, 59),
(1488, 384, 60),
(1489, 384, 61),
(1490, 384, 62),
(1491, 384, 63),
(1492, 384, 64),
(1493, 384, 65),
(1494, 385, 52),
(1495, 385, 53),
(1496, 385, 54),
(1497, 385, 55),
(1498, 385, 56),
(1499, 385, 57),
(1500, 385, 58),
(1501, 385, 59),
(1502, 385, 60),
(1503, 385, 61),
(1504, 385, 62),
(1505, 385, 63),
(1506, 385, 64),
(1507, 385, 65),
(1508, 386, 52),
(1509, 386, 53),
(1510, 386, 54),
(1511, 386, 55),
(1512, 386, 56),
(1513, 386, 57),
(1514, 386, 58),
(1515, 386, 59),
(1516, 386, 60),
(1517, 386, 61),
(1518, 386, 62),
(1519, 386, 63),
(1520, 386, 64),
(1521, 386, 65),
(1522, 387, 52),
(1523, 387, 53),
(1524, 387, 54),
(1525, 387, 55),
(1526, 387, 56),
(1527, 387, 57),
(1528, 387, 58),
(1529, 387, 59),
(1530, 387, 60),
(1531, 387, 61),
(1532, 387, 62),
(1533, 387, 63),
(1534, 387, 64),
(1535, 387, 65),
(1536, 388, 52),
(1537, 388, 53),
(1538, 388, 54),
(1539, 388, 55),
(1540, 388, 56),
(1541, 388, 57),
(1542, 388, 58),
(1543, 388, 59),
(1544, 388, 60),
(1545, 388, 61),
(1546, 388, 62),
(1547, 388, 63),
(1548, 388, 64),
(1549, 388, 65),
(1550, 389, 52),
(1551, 389, 53),
(1552, 389, 54),
(1553, 389, 55),
(1554, 389, 56),
(1555, 389, 57),
(1556, 389, 58),
(1557, 389, 59),
(1558, 389, 60),
(1559, 389, 61),
(1560, 389, 62),
(1561, 389, 63),
(1562, 389, 64),
(1563, 389, 65),
(1564, 390, 52),
(1565, 390, 53),
(1566, 390, 54),
(1567, 390, 55),
(1568, 390, 56),
(1569, 390, 57),
(1570, 390, 58),
(1571, 390, 59),
(1572, 390, 60),
(1573, 390, 61),
(1574, 390, 62),
(1575, 390, 63),
(1576, 390, 64),
(1577, 390, 65),
(1578, 391, 52),
(1579, 391, 53),
(1580, 391, 54),
(1581, 391, 55),
(1582, 391, 56),
(1583, 391, 57),
(1584, 391, 58),
(1585, 391, 59),
(1586, 391, 60),
(1587, 391, 61),
(1588, 391, 62),
(1589, 391, 63),
(1590, 391, 64),
(1591, 391, 65),
(1592, 392, 102),
(1593, 392, 103),
(1594, 392, 104),
(1595, 392, 105),
(1596, 392, 106),
(1597, 392, 107),
(1598, 392, 108),
(1599, 392, 109),
(1600, 392, 110),
(1601, 392, 111),
(1602, 392, 112),
(1603, 392, 113),
(1604, 392, 114),
(1605, 392, 115),
(1606, 392, 116),
(1607, 392, 117),
(1608, 392, 118),
(1609, 392, 119),
(1610, 392, 120),
(1611, 392, 121),
(1612, 392, 122),
(1613, 392, 123),
(1614, 392, 124),
(1615, 392, 125),
(1616, 392, 126),
(1617, 392, 127),
(1618, 392, 128),
(1619, 392, 129),
(1620, 392, 130),
(1621, 392, 131),
(1622, 392, 132),
(1623, 392, 133),
(1624, 392, 134),
(1625, 392, 135),
(1626, 392, 136),
(1627, 392, 137),
(1628, 392, 138),
(1629, 392, 139),
(1630, 392, 140),
(1631, 392, 141),
(1632, 392, 142),
(1633, 392, 143),
(1634, 392, 144),
(1635, 392, 145),
(1636, 392, 146),
(1637, 392, 147),
(1638, 392, 148),
(1639, 392, 149),
(1640, 392, 150),
(1641, 392, 151),
(1642, 392, 152),
(1643, 393, 102),
(1644, 393, 103),
(1645, 393, 104),
(1646, 393, 105),
(1647, 393, 106),
(1648, 393, 107),
(1649, 393, 108),
(1650, 393, 109),
(1651, 393, 110),
(1652, 393, 111),
(1653, 393, 112),
(1654, 393, 113),
(1655, 393, 114),
(1656, 393, 115),
(1657, 393, 116),
(1658, 393, 117),
(1659, 393, 118),
(1660, 393, 119),
(1661, 393, 120),
(1662, 393, 121),
(1663, 393, 122),
(1664, 393, 123),
(1665, 393, 124),
(1666, 393, 125),
(1667, 393, 126),
(1668, 393, 127),
(1669, 393, 128),
(1670, 393, 129),
(1671, 393, 130),
(1672, 393, 131),
(1673, 393, 132),
(1674, 393, 133),
(1675, 393, 134),
(1676, 393, 135),
(1677, 393, 136),
(1678, 393, 137),
(1679, 393, 138),
(1680, 393, 139),
(1681, 393, 140),
(1682, 393, 141),
(1683, 393, 142),
(1684, 393, 143),
(1685, 393, 144),
(1686, 393, 145),
(1687, 393, 146),
(1688, 393, 147),
(1689, 393, 148),
(1690, 393, 149),
(1691, 393, 150),
(1692, 393, 151),
(1693, 393, 152),
(1694, 394, 102),
(1695, 394, 103),
(1696, 394, 104),
(1697, 394, 105),
(1698, 394, 106),
(1699, 394, 107),
(1700, 394, 108),
(1701, 394, 109),
(1702, 394, 110),
(1703, 394, 111),
(1704, 394, 112),
(1705, 394, 113),
(1706, 394, 114),
(1707, 394, 115),
(1708, 394, 116),
(1709, 394, 117),
(1710, 394, 118),
(1711, 394, 119),
(1712, 394, 120),
(1713, 394, 121),
(1714, 394, 122),
(1715, 394, 123),
(1716, 394, 124),
(1717, 394, 125),
(1718, 394, 126),
(1719, 394, 127),
(1720, 394, 128),
(1721, 394, 129),
(1722, 394, 130),
(1723, 394, 131),
(1724, 394, 132),
(1725, 394, 133),
(1726, 394, 134),
(1727, 394, 135),
(1728, 394, 136),
(1729, 394, 137),
(1730, 394, 138),
(1731, 394, 139),
(1732, 394, 140),
(1733, 394, 141),
(1734, 394, 142),
(1735, 394, 143),
(1736, 394, 144),
(1737, 394, 145),
(1738, 394, 146),
(1739, 394, 147),
(1740, 394, 148),
(1741, 394, 149),
(1742, 394, 150),
(1743, 394, 151),
(1744, 394, 152),
(1745, 395, 102),
(1746, 395, 103),
(1747, 395, 104),
(1748, 395, 105),
(1749, 395, 106),
(1750, 395, 107),
(1751, 395, 108),
(1752, 395, 109),
(1753, 395, 110),
(1754, 395, 111),
(1755, 395, 112),
(1756, 395, 113),
(1757, 395, 114),
(1758, 395, 115),
(1759, 395, 116),
(1760, 395, 117),
(1761, 395, 118),
(1762, 395, 119),
(1763, 395, 120),
(1764, 395, 121),
(1765, 395, 122),
(1766, 395, 123),
(1767, 395, 124),
(1768, 395, 125),
(1769, 395, 126),
(1770, 395, 127),
(1771, 395, 128),
(1772, 395, 129),
(1773, 395, 130),
(1774, 395, 131),
(1775, 395, 132),
(1776, 395, 133),
(1777, 395, 134),
(1778, 395, 135),
(1779, 395, 136),
(1780, 395, 137),
(1781, 395, 138),
(1782, 395, 139),
(1783, 395, 140),
(1784, 395, 141),
(1785, 395, 142),
(1786, 395, 143),
(1787, 395, 144),
(1788, 395, 145),
(1789, 395, 146),
(1790, 395, 147),
(1791, 395, 148),
(1792, 395, 149),
(1793, 395, 150),
(1794, 395, 151),
(1795, 395, 152),
(1796, 396, 102),
(1797, 396, 103),
(1798, 396, 104),
(1799, 396, 105),
(1800, 396, 106),
(1801, 396, 107),
(1802, 396, 108),
(1803, 396, 109),
(1804, 396, 110),
(1805, 396, 111),
(1806, 396, 112),
(1807, 396, 113),
(1808, 396, 114),
(1809, 396, 115),
(1810, 396, 116),
(1811, 396, 117),
(1812, 396, 118),
(1813, 396, 119),
(1814, 396, 120),
(1815, 396, 121),
(1816, 396, 122),
(1817, 396, 123),
(1818, 396, 124),
(1819, 396, 125),
(1820, 396, 126),
(1821, 396, 127),
(1822, 396, 128),
(1823, 396, 129),
(1824, 396, 130),
(1825, 396, 131),
(1826, 396, 132),
(1827, 396, 133),
(1828, 396, 134),
(1829, 396, 135),
(1830, 396, 136),
(1831, 396, 137),
(1832, 396, 138),
(1833, 396, 139),
(1834, 396, 140),
(1835, 396, 141),
(1836, 396, 142),
(1837, 396, 143),
(1838, 396, 144),
(1839, 396, 145),
(1840, 396, 146),
(1841, 396, 147),
(1842, 396, 148),
(1843, 396, 149),
(1844, 396, 150),
(1845, 396, 151),
(1846, 396, 152),
(1847, 397, 102),
(1848, 397, 103),
(1849, 397, 104),
(1850, 397, 105),
(1851, 397, 106),
(1852, 397, 107),
(1853, 397, 108),
(1854, 397, 109),
(1855, 397, 110),
(1856, 397, 111),
(1857, 397, 112),
(1858, 397, 113),
(1859, 397, 114),
(1860, 397, 115),
(1861, 397, 116),
(1862, 397, 117),
(1863, 397, 118),
(1864, 397, 119),
(1865, 397, 120),
(1866, 397, 121),
(1867, 397, 122),
(1868, 397, 123),
(1869, 397, 124),
(1870, 397, 125),
(1871, 397, 126),
(1872, 397, 127),
(1873, 397, 128),
(1874, 397, 129),
(1875, 397, 130),
(1876, 397, 131),
(1877, 397, 132),
(1878, 397, 133),
(1879, 397, 134),
(1880, 397, 135),
(1881, 397, 136),
(1882, 397, 137),
(1883, 397, 138),
(1884, 397, 139),
(1885, 397, 140),
(1886, 397, 141),
(1887, 397, 142),
(1888, 397, 143),
(1889, 397, 144),
(1890, 397, 145),
(1891, 397, 146),
(1892, 397, 147),
(1893, 397, 148),
(1894, 397, 149),
(1895, 397, 150),
(1896, 397, 151),
(1897, 397, 152),
(1898, 398, 102),
(1899, 398, 103),
(1900, 398, 104),
(1901, 398, 105),
(1902, 398, 106),
(1903, 398, 107),
(1904, 398, 108),
(1905, 398, 109),
(1906, 398, 110),
(1907, 398, 111),
(1908, 398, 112),
(1909, 398, 113),
(1910, 398, 114),
(1911, 398, 115),
(1912, 398, 116),
(1913, 398, 117),
(1914, 398, 118),
(1915, 398, 119),
(1916, 398, 120),
(1917, 398, 121),
(1918, 398, 122),
(1919, 398, 123),
(1920, 398, 124),
(1921, 398, 125),
(1922, 398, 126),
(1923, 398, 127),
(1924, 398, 128),
(1925, 398, 129),
(1926, 398, 130),
(1927, 398, 131),
(1928, 398, 132),
(1929, 398, 133),
(1930, 398, 134),
(1931, 398, 135),
(1932, 398, 136),
(1933, 398, 137),
(1934, 398, 138),
(1935, 398, 139),
(1936, 398, 140),
(1937, 398, 141),
(1938, 398, 142),
(1939, 398, 143),
(1940, 398, 144),
(1941, 398, 145),
(1942, 398, 146),
(1943, 398, 147),
(1944, 398, 148),
(1945, 398, 149),
(1946, 398, 150),
(1947, 398, 151),
(1948, 398, 152),
(1949, 399, 102),
(1950, 399, 103),
(1951, 399, 104),
(1952, 399, 105),
(1953, 399, 106),
(1954, 399, 107),
(1955, 399, 108),
(1956, 399, 109),
(1957, 399, 110),
(1958, 399, 111),
(1959, 399, 112),
(1960, 399, 113),
(1961, 399, 114),
(1962, 399, 115),
(1963, 399, 116),
(1964, 399, 117),
(1965, 399, 118),
(1966, 399, 119),
(1967, 399, 120),
(1968, 399, 121),
(1969, 399, 122),
(1970, 399, 123),
(1971, 399, 124),
(1972, 399, 125),
(1973, 399, 126),
(1974, 399, 127),
(1975, 399, 128),
(1976, 399, 129),
(1977, 399, 130),
(1978, 399, 131),
(1979, 399, 132),
(1980, 399, 133),
(1981, 399, 134),
(1982, 399, 135),
(1983, 399, 136),
(1984, 399, 137),
(1985, 399, 138),
(1986, 399, 139),
(1987, 399, 140),
(1988, 399, 141),
(1989, 399, 142),
(1990, 399, 143),
(1991, 399, 144),
(1992, 399, 145),
(1993, 399, 146),
(1994, 399, 147),
(1995, 399, 148),
(1996, 399, 149),
(1997, 399, 150),
(1998, 399, 151),
(1999, 399, 152),
(2000, 400, 102),
(2001, 400, 103),
(2002, 400, 104),
(2003, 400, 105),
(2004, 400, 106),
(2005, 400, 107),
(2006, 400, 108),
(2007, 400, 109),
(2008, 400, 110),
(2009, 400, 111),
(2010, 400, 112),
(2011, 400, 113),
(2012, 400, 114),
(2013, 400, 115),
(2014, 400, 116),
(2015, 400, 117),
(2016, 400, 118),
(2017, 400, 119),
(2018, 400, 120),
(2019, 400, 121),
(2020, 400, 122),
(2021, 400, 123),
(2022, 400, 124),
(2023, 400, 125),
(2024, 400, 126),
(2025, 400, 127),
(2026, 400, 128),
(2027, 400, 129),
(2028, 400, 130),
(2029, 400, 131),
(2030, 400, 132),
(2031, 400, 133),
(2032, 400, 134),
(2033, 400, 135),
(2034, 400, 136),
(2035, 400, 137),
(2036, 400, 138),
(2037, 400, 139),
(2038, 400, 140),
(2039, 400, 141),
(2040, 400, 142),
(2041, 400, 143),
(2042, 400, 144),
(2043, 400, 145),
(2044, 400, 146),
(2045, 400, 147),
(2046, 400, 148),
(2047, 400, 149),
(2048, 400, 150),
(2049, 400, 151),
(2050, 400, 152),
(2051, 401, 102),
(2052, 401, 103),
(2053, 401, 104),
(2054, 401, 105),
(2055, 401, 106),
(2056, 401, 107),
(2057, 401, 108),
(2058, 401, 109),
(2059, 401, 110),
(2060, 401, 111),
(2061, 401, 112),
(2062, 401, 113),
(2063, 401, 114),
(2064, 401, 115),
(2065, 401, 116),
(2066, 401, 117),
(2067, 401, 118),
(2068, 401, 119),
(2069, 401, 120),
(2070, 401, 121),
(2071, 401, 122),
(2072, 401, 123),
(2073, 401, 124),
(2074, 401, 125),
(2075, 401, 126),
(2076, 401, 127),
(2077, 401, 128),
(2078, 401, 129),
(2079, 401, 130),
(2080, 401, 131),
(2081, 401, 132),
(2082, 401, 133),
(2083, 401, 134),
(2084, 401, 135),
(2085, 401, 136),
(2086, 401, 137),
(2087, 401, 138),
(2088, 401, 139),
(2089, 401, 140),
(2090, 401, 141),
(2091, 401, 142),
(2092, 401, 143),
(2093, 401, 144),
(2094, 401, 145),
(2095, 401, 146),
(2096, 401, 147),
(2097, 401, 148),
(2098, 401, 149),
(2099, 401, 150),
(2100, 401, 151),
(2101, 401, 152),
(2102, 402, 102),
(2103, 402, 103),
(2104, 402, 104),
(2105, 402, 105),
(2106, 402, 106),
(2107, 402, 107),
(2108, 402, 108),
(2109, 402, 109),
(2110, 402, 110),
(2111, 402, 111),
(2112, 402, 112),
(2113, 402, 113),
(2114, 402, 114),
(2115, 402, 115),
(2116, 402, 116),
(2117, 402, 117),
(2118, 402, 118),
(2119, 402, 119),
(2120, 402, 120),
(2121, 402, 121),
(2122, 402, 122),
(2123, 402, 123),
(2124, 402, 124),
(2125, 402, 125),
(2126, 402, 126),
(2127, 402, 127),
(2128, 402, 128),
(2129, 402, 129),
(2130, 402, 130),
(2131, 402, 131),
(2132, 402, 132),
(2133, 402, 133),
(2134, 402, 134),
(2135, 402, 135),
(2136, 402, 136),
(2137, 402, 137),
(2138, 402, 138),
(2139, 402, 139),
(2140, 402, 140),
(2141, 402, 141),
(2142, 402, 142),
(2143, 402, 143),
(2144, 402, 144),
(2145, 402, 145),
(2146, 402, 146),
(2147, 402, 147),
(2148, 402, 148),
(2149, 402, 149),
(2150, 402, 150),
(2151, 402, 151),
(2152, 402, 152),
(2153, 403, 102),
(2154, 403, 103),
(2155, 403, 104),
(2156, 403, 105),
(2157, 403, 106),
(2158, 403, 107),
(2159, 403, 108),
(2160, 403, 109),
(2161, 403, 110),
(2162, 403, 111),
(2163, 403, 112),
(2164, 403, 113),
(2165, 403, 114),
(2166, 403, 115),
(2167, 403, 116),
(2168, 403, 117),
(2169, 403, 118),
(2170, 403, 119),
(2171, 403, 120),
(2172, 403, 121),
(2173, 403, 122),
(2174, 403, 123),
(2175, 403, 124),
(2176, 403, 125),
(2177, 403, 126),
(2178, 403, 127),
(2179, 403, 128),
(2180, 403, 129),
(2181, 403, 130),
(2182, 403, 131),
(2183, 403, 132),
(2184, 403, 133),
(2185, 403, 134),
(2186, 403, 135),
(2187, 403, 136),
(2188, 403, 137),
(2189, 403, 138),
(2190, 403, 139),
(2191, 403, 140),
(2192, 403, 141),
(2193, 403, 142),
(2194, 403, 143),
(2195, 403, 144),
(2196, 403, 145),
(2197, 403, 146),
(2198, 403, 147),
(2199, 403, 148),
(2200, 403, 149),
(2201, 403, 150),
(2202, 403, 151),
(2203, 403, 152),
(2204, 404, 102),
(2205, 404, 103),
(2206, 404, 104),
(2207, 404, 105),
(2208, 404, 106),
(2209, 404, 107),
(2210, 404, 108),
(2211, 404, 109),
(2212, 404, 110),
(2213, 404, 111),
(2214, 404, 112),
(2215, 404, 113),
(2216, 404, 114),
(2217, 404, 115),
(2218, 404, 116),
(2219, 404, 117),
(2220, 404, 118),
(2221, 404, 119),
(2222, 404, 120),
(2223, 404, 121),
(2224, 404, 122),
(2225, 404, 123),
(2226, 404, 124),
(2227, 404, 125),
(2228, 404, 126),
(2229, 404, 127),
(2230, 404, 128),
(2231, 404, 129),
(2232, 404, 130),
(2233, 404, 131),
(2234, 404, 132),
(2235, 404, 133),
(2236, 404, 134),
(2237, 404, 135),
(2238, 404, 136),
(2239, 404, 137),
(2240, 404, 138),
(2241, 404, 139),
(2242, 404, 140),
(2243, 404, 141),
(2244, 404, 142),
(2245, 404, 143),
(2246, 404, 144),
(2247, 404, 145),
(2248, 404, 146),
(2249, 404, 147),
(2250, 404, 148),
(2251, 404, 149),
(2252, 404, 150),
(2253, 404, 151),
(2254, 404, 152),
(2255, 405, 102),
(2256, 405, 103),
(2257, 405, 104),
(2258, 405, 105),
(2259, 405, 106),
(2260, 405, 107),
(2261, 405, 108),
(2262, 405, 109),
(2263, 405, 110),
(2264, 405, 111),
(2265, 405, 112),
(2266, 405, 113),
(2267, 405, 114),
(2268, 405, 115),
(2269, 405, 116),
(2270, 405, 117),
(2271, 405, 118),
(2272, 405, 119),
(2273, 405, 120),
(2274, 405, 121),
(2275, 405, 122),
(2276, 405, 123),
(2277, 405, 124),
(2278, 405, 125),
(2279, 405, 126),
(2280, 405, 127),
(2281, 405, 128),
(2282, 405, 129),
(2283, 405, 130),
(2284, 405, 131),
(2285, 405, 132),
(2286, 405, 133),
(2287, 405, 134),
(2288, 405, 135),
(2289, 405, 136),
(2290, 405, 137),
(2291, 405, 138),
(2292, 405, 139),
(2293, 405, 140),
(2294, 405, 141),
(2295, 405, 142),
(2296, 405, 143),
(2297, 405, 144),
(2298, 405, 145),
(2299, 405, 146),
(2300, 405, 147),
(2301, 405, 148),
(2302, 405, 149),
(2303, 405, 150),
(2304, 405, 151),
(2305, 405, 152),
(2306, 406, 102),
(2307, 406, 103),
(2308, 406, 104),
(2309, 406, 105),
(2310, 406, 106),
(2311, 406, 107),
(2312, 406, 108),
(2313, 406, 109),
(2314, 406, 110),
(2315, 406, 111),
(2316, 406, 112),
(2317, 406, 113),
(2318, 406, 114),
(2319, 406, 115),
(2320, 406, 116),
(2321, 406, 117),
(2322, 406, 118),
(2323, 406, 119),
(2324, 406, 120),
(2325, 406, 121),
(2326, 406, 122),
(2327, 406, 123),
(2328, 406, 124),
(2329, 406, 125),
(2330, 406, 126),
(2331, 406, 127),
(2332, 406, 128),
(2333, 406, 129),
(2334, 406, 130),
(2335, 406, 131),
(2336, 406, 132),
(2337, 406, 133),
(2338, 406, 134),
(2339, 406, 135),
(2340, 406, 136),
(2341, 406, 137),
(2342, 406, 138),
(2343, 406, 139),
(2344, 406, 140),
(2345, 406, 141),
(2346, 406, 142),
(2347, 406, 143),
(2348, 406, 144),
(2349, 406, 145),
(2350, 406, 146),
(2351, 406, 147),
(2352, 406, 148),
(2353, 406, 149),
(2354, 406, 150),
(2355, 406, 151),
(2356, 406, 152),
(2357, 407, 102),
(2358, 407, 103),
(2359, 407, 104),
(2360, 407, 105),
(2361, 407, 106),
(2362, 407, 107),
(2363, 407, 108),
(2364, 407, 109),
(2365, 407, 110),
(2366, 407, 111),
(2367, 407, 112),
(2368, 407, 113),
(2369, 407, 114),
(2370, 407, 115),
(2371, 407, 116),
(2372, 407, 117),
(2373, 407, 118),
(2374, 407, 119),
(2375, 407, 120),
(2376, 407, 121),
(2377, 407, 122),
(2378, 407, 123),
(2379, 407, 124),
(2380, 407, 125),
(2381, 407, 126),
(2382, 407, 127),
(2383, 407, 128),
(2384, 407, 129),
(2385, 407, 130),
(2386, 407, 131),
(2387, 407, 132),
(2388, 407, 133),
(2389, 407, 134),
(2390, 407, 135),
(2391, 407, 136),
(2392, 407, 137),
(2393, 407, 138),
(2394, 407, 139),
(2395, 407, 140),
(2396, 407, 141),
(2397, 407, 142),
(2398, 407, 143),
(2399, 407, 144),
(2400, 407, 145),
(2401, 407, 146),
(2402, 407, 147),
(2403, 407, 148),
(2404, 407, 149),
(2405, 407, 150),
(2406, 407, 151),
(2407, 407, 152),
(2408, 408, 102),
(2409, 408, 103),
(2410, 408, 104),
(2411, 408, 105),
(2412, 408, 106),
(2413, 408, 107),
(2414, 408, 108),
(2415, 408, 109),
(2416, 408, 110),
(2417, 408, 111),
(2418, 408, 112),
(2419, 408, 113),
(2420, 408, 114),
(2421, 408, 115),
(2422, 408, 116),
(2423, 408, 117),
(2424, 408, 118),
(2425, 408, 119),
(2426, 408, 120),
(2427, 408, 121),
(2428, 408, 122),
(2429, 408, 123),
(2430, 408, 124),
(2431, 408, 125),
(2432, 408, 126),
(2433, 408, 127),
(2434, 408, 128),
(2435, 408, 129),
(2436, 408, 130),
(2437, 408, 131),
(2438, 408, 132),
(2439, 408, 133),
(2440, 408, 134),
(2441, 408, 135),
(2442, 408, 136),
(2443, 408, 137),
(2444, 408, 138),
(2445, 408, 139),
(2446, 408, 140),
(2447, 408, 141),
(2448, 408, 142),
(2449, 408, 143),
(2450, 408, 144),
(2451, 408, 145),
(2452, 408, 146),
(2453, 408, 147),
(2454, 408, 148),
(2455, 408, 149),
(2456, 408, 150),
(2457, 408, 151),
(2458, 408, 152),
(2459, 409, 102),
(2460, 409, 103),
(2461, 409, 104),
(2462, 409, 105),
(2463, 409, 106),
(2464, 409, 107),
(2465, 409, 108),
(2466, 409, 109),
(2467, 409, 110),
(2468, 409, 111),
(2469, 409, 112),
(2470, 409, 113),
(2471, 409, 114),
(2472, 409, 115),
(2473, 409, 116),
(2474, 409, 117),
(2475, 409, 118),
(2476, 409, 119),
(2477, 409, 120),
(2478, 409, 121),
(2479, 409, 122),
(2480, 409, 123),
(2481, 409, 124),
(2482, 409, 125),
(2483, 409, 126),
(2484, 409, 127),
(2485, 409, 128),
(2486, 409, 129),
(2487, 409, 130),
(2488, 409, 131),
(2489, 409, 132),
(2490, 409, 133),
(2491, 409, 134),
(2492, 409, 135),
(2493, 409, 136),
(2494, 409, 137),
(2495, 409, 138),
(2496, 409, 139),
(2497, 409, 140),
(2498, 409, 141),
(2499, 409, 142),
(2500, 409, 143),
(2501, 409, 144),
(2502, 409, 145),
(2503, 409, 146),
(2504, 409, 147),
(2505, 409, 148),
(2506, 409, 149),
(2507, 409, 150),
(2508, 409, 151),
(2509, 409, 152),
(2510, 410, 102),
(2511, 410, 103),
(2512, 410, 104),
(2513, 410, 105),
(2514, 410, 106),
(2515, 410, 107),
(2516, 410, 108),
(2517, 410, 109),
(2518, 410, 110),
(2519, 410, 111),
(2520, 410, 112),
(2521, 410, 113),
(2522, 410, 114),
(2523, 410, 115),
(2524, 410, 116),
(2525, 410, 117),
(2526, 410, 118),
(2527, 410, 119),
(2528, 410, 120),
(2529, 410, 121),
(2530, 410, 122),
(2531, 410, 123),
(2532, 410, 124),
(2533, 410, 125),
(2534, 410, 126),
(2535, 410, 127),
(2536, 410, 128),
(2537, 410, 129),
(2538, 410, 130),
(2539, 410, 131),
(2540, 410, 132),
(2541, 410, 133),
(2542, 410, 134),
(2543, 410, 135),
(2544, 410, 136),
(2545, 410, 137),
(2546, 410, 138),
(2547, 410, 139),
(2548, 410, 140),
(2549, 410, 141),
(2550, 410, 142),
(2551, 410, 143),
(2552, 410, 144),
(2553, 410, 145),
(2554, 410, 146),
(2555, 410, 147),
(2556, 410, 148),
(2557, 410, 149),
(2558, 410, 150),
(2559, 410, 151),
(2560, 410, 152),
(2561, 411, 102),
(2562, 411, 103),
(2563, 411, 104),
(2564, 411, 105),
(2565, 411, 106),
(2566, 411, 107),
(2567, 411, 108),
(2568, 411, 109),
(2569, 411, 110),
(2570, 411, 111),
(2571, 411, 112),
(2572, 411, 113),
(2573, 411, 114),
(2574, 411, 115),
(2575, 411, 116),
(2576, 411, 117),
(2577, 411, 118),
(2578, 411, 119),
(2579, 411, 120),
(2580, 411, 121),
(2581, 411, 122),
(2582, 411, 123),
(2583, 411, 124),
(2584, 411, 125),
(2585, 411, 126),
(2586, 411, 127),
(2587, 411, 128),
(2588, 411, 129),
(2589, 411, 130),
(2590, 411, 131),
(2591, 411, 132),
(2592, 411, 133),
(2593, 411, 134),
(2594, 411, 135),
(2595, 411, 136),
(2596, 411, 137),
(2597, 411, 138),
(2598, 411, 139),
(2599, 411, 140),
(2600, 411, 141),
(2601, 411, 142),
(2602, 411, 143),
(2603, 411, 144),
(2604, 411, 145),
(2605, 411, 146),
(2606, 411, 147),
(2607, 411, 148),
(2608, 411, 149),
(2609, 411, 150),
(2610, 411, 151),
(2611, 411, 152),
(2612, 412, 102),
(2613, 412, 103),
(2614, 412, 104),
(2615, 412, 105),
(2616, 412, 106),
(2617, 412, 107),
(2618, 412, 108),
(2619, 412, 109),
(2620, 412, 110),
(2621, 412, 111),
(2622, 412, 112),
(2623, 412, 113),
(2624, 412, 114),
(2625, 412, 115),
(2626, 412, 116),
(2627, 412, 117),
(2628, 412, 118),
(2629, 412, 119),
(2630, 412, 120),
(2631, 412, 121),
(2632, 412, 122),
(2633, 412, 123),
(2634, 412, 124),
(2635, 412, 125),
(2636, 412, 126),
(2637, 412, 127),
(2638, 412, 128),
(2639, 412, 129),
(2640, 412, 130),
(2641, 412, 131),
(2642, 412, 132),
(2643, 412, 133),
(2644, 412, 134),
(2645, 412, 135),
(2646, 412, 136),
(2647, 412, 137),
(2648, 412, 138),
(2649, 412, 139),
(2650, 412, 140),
(2651, 412, 141),
(2652, 412, 142),
(2653, 412, 143),
(2654, 412, 144),
(2655, 412, 145),
(2656, 412, 146),
(2657, 412, 147),
(2658, 412, 148),
(2659, 412, 149),
(2660, 412, 150),
(2661, 412, 151),
(2662, 412, 152),
(2663, 413, 102),
(2664, 413, 103),
(2665, 413, 104),
(2666, 413, 105),
(2667, 413, 106),
(2668, 413, 107),
(2669, 413, 108),
(2670, 413, 109),
(2671, 413, 110),
(2672, 413, 111),
(2673, 413, 112),
(2674, 413, 113),
(2675, 413, 114),
(2676, 413, 115),
(2677, 413, 116),
(2678, 413, 117),
(2679, 413, 118),
(2680, 413, 119),
(2681, 413, 120),
(2682, 413, 121),
(2683, 413, 122),
(2684, 413, 123),
(2685, 413, 124),
(2686, 413, 125),
(2687, 413, 126),
(2688, 413, 127),
(2689, 413, 128),
(2690, 413, 129),
(2691, 413, 130),
(2692, 413, 131),
(2693, 413, 132),
(2694, 413, 133),
(2695, 413, 134),
(2696, 413, 135),
(2697, 413, 136),
(2698, 413, 137),
(2699, 413, 138),
(2700, 413, 139),
(2701, 413, 140),
(2702, 413, 141),
(2703, 413, 142),
(2704, 413, 143),
(2705, 413, 144),
(2706, 413, 145),
(2707, 413, 146),
(2708, 413, 147),
(2709, 413, 148),
(2710, 413, 149),
(2711, 413, 150),
(2712, 413, 151),
(2713, 413, 152),
(2714, 414, 102),
(2715, 414, 103),
(2716, 414, 104),
(2717, 414, 105),
(2718, 414, 106),
(2719, 414, 107),
(2720, 414, 108),
(2721, 414, 109),
(2722, 414, 110),
(2723, 414, 111),
(2724, 414, 112),
(2725, 414, 113),
(2726, 414, 114),
(2727, 414, 115),
(2728, 414, 116),
(2729, 414, 117),
(2730, 414, 118),
(2731, 414, 119),
(2732, 414, 120),
(2733, 414, 121),
(2734, 414, 122),
(2735, 414, 123),
(2736, 414, 124),
(2737, 414, 125),
(2738, 414, 126),
(2739, 414, 127),
(2740, 414, 128),
(2741, 414, 129),
(2742, 414, 130),
(2743, 414, 131),
(2744, 414, 132),
(2745, 414, 133),
(2746, 414, 134),
(2747, 414, 135),
(2748, 414, 136),
(2749, 414, 137),
(2750, 414, 138),
(2751, 414, 139),
(2752, 414, 140),
(2753, 414, 141),
(2754, 414, 142),
(2755, 414, 143),
(2756, 414, 144),
(2757, 414, 145),
(2758, 414, 146),
(2759, 414, 147),
(2760, 414, 148),
(2761, 414, 149),
(2762, 414, 150),
(2763, 414, 151),
(2764, 414, 152),
(2765, 415, 102),
(2766, 415, 103),
(2767, 415, 104),
(2768, 415, 105),
(2769, 415, 106),
(2770, 415, 107),
(2771, 415, 108),
(2772, 415, 109),
(2773, 415, 110),
(2774, 415, 111),
(2775, 415, 112),
(2776, 415, 113),
(2777, 415, 114),
(2778, 415, 115),
(2779, 415, 116),
(2780, 415, 117),
(2781, 415, 118),
(2782, 415, 119),
(2783, 415, 120),
(2784, 415, 121),
(2785, 415, 122),
(2786, 415, 123),
(2787, 415, 124),
(2788, 415, 125),
(2789, 415, 126),
(2790, 415, 127),
(2791, 415, 128),
(2792, 415, 129),
(2793, 415, 130),
(2794, 415, 131),
(2795, 415, 132),
(2796, 415, 133),
(2797, 415, 134),
(2798, 415, 135),
(2799, 415, 136),
(2800, 415, 137),
(2801, 415, 138),
(2802, 415, 139),
(2803, 415, 140),
(2804, 415, 141),
(2805, 415, 142),
(2806, 415, 143),
(2807, 415, 144),
(2808, 415, 145),
(2809, 415, 146),
(2810, 415, 147),
(2811, 415, 148),
(2812, 415, 149),
(2813, 415, 150),
(2814, 415, 151),
(2815, 415, 152),
(2816, 416, 102),
(2817, 416, 103),
(2818, 416, 104),
(2819, 416, 105),
(2820, 416, 106),
(2821, 416, 107),
(2822, 416, 108),
(2823, 416, 109),
(2824, 416, 110),
(2825, 416, 111),
(2826, 416, 112),
(2827, 416, 113),
(2828, 416, 114),
(2829, 416, 115),
(2830, 416, 116),
(2831, 416, 117),
(2832, 416, 118),
(2833, 416, 119),
(2834, 416, 120),
(2835, 416, 121),
(2836, 416, 122),
(2837, 416, 123),
(2838, 416, 124),
(2839, 416, 125),
(2840, 416, 126),
(2841, 416, 127),
(2842, 416, 128),
(2843, 416, 129),
(2844, 416, 130),
(2845, 416, 131),
(2846, 416, 132),
(2847, 416, 133),
(2848, 416, 134),
(2849, 416, 135),
(2850, 416, 136),
(2851, 416, 137),
(2852, 416, 138),
(2853, 416, 139),
(2854, 416, 140),
(2855, 416, 141),
(2856, 416, 142),
(2857, 416, 143),
(2858, 416, 144),
(2859, 416, 145),
(2860, 416, 146),
(2861, 416, 147),
(2862, 416, 148),
(2863, 416, 149),
(2864, 416, 150),
(2865, 416, 151),
(2866, 416, 152),
(2867, 417, 102),
(2868, 417, 103),
(2869, 417, 104),
(2870, 417, 105),
(2871, 417, 106),
(2872, 417, 107),
(2873, 417, 108),
(2874, 417, 109),
(2875, 417, 110),
(2876, 417, 111),
(2877, 417, 112),
(2878, 417, 113),
(2879, 417, 114),
(2880, 417, 115),
(2881, 417, 116),
(2882, 417, 117),
(2883, 417, 118),
(2884, 417, 119),
(2885, 417, 120),
(2886, 417, 121),
(2887, 417, 122),
(2888, 417, 123),
(2889, 417, 124),
(2890, 417, 125),
(2891, 417, 126),
(2892, 417, 127),
(2893, 417, 128),
(2894, 417, 129),
(2895, 417, 130),
(2896, 417, 131),
(2897, 417, 132),
(2898, 417, 133),
(2899, 417, 134),
(2900, 417, 135),
(2901, 417, 136),
(2902, 417, 137),
(2903, 417, 138),
(2904, 417, 139),
(2905, 417, 140),
(2906, 417, 141),
(2907, 417, 142),
(2908, 417, 143),
(2909, 417, 144),
(2910, 417, 145),
(2911, 417, 146),
(2912, 417, 147),
(2913, 417, 148),
(2914, 417, 149),
(2915, 417, 150),
(2916, 417, 151),
(2917, 417, 152),
(2918, 418, 102),
(2919, 418, 103),
(2920, 418, 104),
(2921, 418, 105),
(2922, 418, 106),
(2923, 418, 107),
(2924, 418, 108),
(2925, 418, 109),
(2926, 418, 110),
(2927, 418, 111),
(2928, 418, 112),
(2929, 418, 113),
(2930, 418, 114),
(2931, 418, 115),
(2932, 418, 116),
(2933, 418, 117),
(2934, 418, 118),
(2935, 418, 119),
(2936, 418, 120),
(2937, 418, 121),
(2938, 418, 122),
(2939, 418, 123),
(2940, 418, 124),
(2941, 418, 125),
(2942, 418, 126),
(2943, 418, 127),
(2944, 418, 128),
(2945, 418, 129),
(2946, 418, 130),
(2947, 418, 131),
(2948, 418, 132),
(2949, 418, 133),
(2950, 418, 134),
(2951, 418, 135),
(2952, 418, 136),
(2953, 418, 137),
(2954, 418, 138),
(2955, 418, 139),
(2956, 418, 140),
(2957, 418, 141),
(2958, 418, 142),
(2959, 418, 143),
(2960, 418, 144),
(2961, 418, 145),
(2962, 418, 146),
(2963, 418, 147),
(2964, 418, 148),
(2965, 418, 149),
(2966, 418, 150),
(2967, 418, 151),
(2968, 418, 152),
(2969, 419, 102),
(2970, 419, 103),
(2971, 419, 104),
(2972, 419, 105),
(2973, 419, 106),
(2974, 419, 107),
(2975, 419, 108),
(2976, 419, 109),
(2977, 419, 110),
(2978, 419, 111),
(2979, 419, 112),
(2980, 419, 113),
(2981, 419, 114),
(2982, 419, 115),
(2983, 419, 116),
(2984, 419, 117),
(2985, 419, 118),
(2986, 419, 119),
(2987, 419, 120),
(2988, 419, 121),
(2989, 419, 122),
(2990, 419, 123),
(2991, 419, 124),
(2992, 419, 125),
(2993, 419, 126),
(2994, 419, 127),
(2995, 419, 128),
(2996, 419, 129),
(2997, 419, 130),
(2998, 419, 131),
(2999, 419, 132),
(3000, 419, 133),
(3001, 419, 134),
(3002, 419, 135),
(3003, 419, 136),
(3004, 419, 137),
(3005, 419, 138),
(3006, 419, 139),
(3007, 419, 140),
(3008, 419, 141),
(3009, 419, 142),
(3010, 419, 143),
(3011, 419, 144),
(3012, 419, 145),
(3013, 419, 146),
(3014, 419, 147),
(3015, 419, 148),
(3016, 419, 149),
(3017, 419, 150),
(3018, 419, 151),
(3019, 419, 152),
(3020, 420, 102),
(3021, 420, 103),
(3022, 420, 104),
(3023, 420, 105),
(3024, 420, 106),
(3025, 420, 107),
(3026, 420, 108),
(3027, 420, 109),
(3028, 420, 110),
(3029, 420, 111),
(3030, 420, 112),
(3031, 420, 113),
(3032, 420, 114),
(3033, 420, 115),
(3034, 420, 116),
(3035, 420, 117),
(3036, 420, 118),
(3037, 420, 119),
(3038, 420, 120),
(3039, 420, 121),
(3040, 420, 122),
(3041, 420, 123),
(3042, 420, 124),
(3043, 420, 125),
(3044, 420, 126),
(3045, 420, 127),
(3046, 420, 128),
(3047, 420, 129),
(3048, 420, 130),
(3049, 420, 131),
(3050, 420, 132),
(3051, 420, 133),
(3052, 420, 134),
(3053, 420, 135),
(3054, 420, 136),
(3055, 420, 137),
(3056, 420, 138),
(3057, 420, 139),
(3058, 420, 140),
(3059, 420, 141),
(3060, 420, 142),
(3061, 420, 143),
(3062, 420, 144),
(3063, 420, 145),
(3064, 420, 146),
(3065, 420, 147),
(3066, 420, 148),
(3067, 420, 149),
(3068, 420, 150),
(3069, 420, 151),
(3070, 420, 152),
(3071, 421, 102),
(3072, 421, 103),
(3073, 421, 104),
(3074, 421, 105),
(3075, 421, 106),
(3076, 421, 107),
(3077, 421, 108),
(3078, 421, 109),
(3079, 421, 110),
(3080, 421, 111),
(3081, 421, 112),
(3082, 421, 113),
(3083, 421, 114),
(3084, 421, 115),
(3085, 421, 116),
(3086, 421, 117),
(3087, 421, 118),
(3088, 421, 119),
(3089, 421, 120),
(3090, 421, 121),
(3091, 421, 122),
(3092, 421, 123),
(3093, 421, 124),
(3094, 421, 125),
(3095, 421, 126),
(3096, 421, 127),
(3097, 421, 128),
(3098, 421, 129),
(3099, 421, 130),
(3100, 421, 131),
(3101, 421, 132),
(3102, 421, 133),
(3103, 421, 134),
(3104, 421, 135),
(3105, 421, 136),
(3106, 421, 137),
(3107, 421, 138),
(3108, 421, 139),
(3109, 421, 140),
(3110, 421, 141),
(3111, 421, 142),
(3112, 421, 143),
(3113, 421, 144),
(3114, 421, 145),
(3115, 421, 146),
(3116, 421, 147),
(3117, 421, 148),
(3118, 421, 149),
(3119, 421, 150),
(3120, 421, 151),
(3121, 421, 152);

-- --------------------------------------------------------

--
-- Table structure for table `results`
--

DROP TABLE IF EXISTS `results`;
CREATE TABLE IF NOT EXISTS `results` (
  `id` int(10) UNSIGNED NOT NULL AUTO_INCREMENT,
  `stu_id` int(10) UNSIGNED NOT NULL,
  `department_id` int(10) UNSIGNED NOT NULL,
  `min_per` double(8,2) NOT NULL,
  `stu_per` double(8,2) NOT NULL,
  `status` varchar(191) COLLATE utf8mb4_unicode_ci NOT NULL,
  `created_at` timestamp NULL DEFAULT NULL,
  `updated_at` timestamp NULL DEFAULT NULL,
  PRIMARY KEY (`id`),
  KEY `results_stu_id_index` (`stu_id`),
  KEY `results_department_id_index` (`department_id`)
) ENGINE=InnoDB DEFAULT CHARSET=utf8mb4 COLLATE=utf8mb4_unicode_ci;

-- --------------------------------------------------------

--
-- Table structure for table `roles`
--

DROP TABLE IF EXISTS `roles`;
CREATE TABLE IF NOT EXISTS `roles` (
  `id` int(10) UNSIGNED NOT NULL AUTO_INCREMENT,
  `role_name` varchar(191) COLLATE utf8mb4_unicode_ci NOT NULL,
  `created_at` timestamp NULL DEFAULT NULL,
  `updated_at` timestamp NULL DEFAULT NULL,
  PRIMARY KEY (`id`)
) ENGINE=InnoDB AUTO_INCREMENT=4 DEFAULT CHARSET=utf8mb4 COLLATE=utf8mb4_unicode_ci;

--
-- Dumping data for table `roles`
--

INSERT INTO `roles` (`id`, `role_name`, `created_at`, `updated_at`) VALUES
(1, 'Admin', NULL, NULL),
(2, 'Head', NULL, NULL),
(3, 'Student', NULL, NULL);

-- --------------------------------------------------------

--
-- Table structure for table `select_departments`
--

DROP TABLE IF EXISTS `select_departments`;
CREATE TABLE IF NOT EXISTS `select_departments` (
  `id` int(10) UNSIGNED NOT NULL AUTO_INCREMENT,
  `stu_id` int(10) UNSIGNED NOT NULL,
  `department_id_1` int(10) UNSIGNED NOT NULL,
  `department_id_2` int(10) UNSIGNED NOT NULL,
  `department_id_3` int(10) UNSIGNED NOT NULL,
  `created_at` timestamp NULL DEFAULT NULL,
  `updated_at` timestamp NULL DEFAULT NULL,
  PRIMARY KEY (`id`),
  KEY `select_departments_stu_id_index` (`stu_id`),
  KEY `select_departments_department_id_1_index` (`department_id_1`),
  KEY `select_departments_department_id_2_index` (`department_id_2`),
  KEY `select_departments_department_id_3_index` (`department_id_3`)
) ENGINE=InnoDB DEFAULT CHARSET=utf8mb4 COLLATE=utf8mb4_unicode_ci;

-- --------------------------------------------------------

--
-- Table structure for table `students`
--

DROP TABLE IF EXISTS `students`;
CREATE TABLE IF NOT EXISTS `students` (
  `id` int(10) UNSIGNED NOT NULL AUTO_INCREMENT,
  `stu_id` int(10) UNSIGNED NOT NULL,
  `GPA` double(8,2) NOT NULL,
  `location_id` int(10) UNSIGNED NOT NULL,
  `phone` varchar(191) COLLATE utf8mb4_unicode_ci DEFAULT NULL,
  `background` int(11) DEFAULT NULL,
  `department_id` int(10) UNSIGNED NOT NULL,
  `created_at` timestamp NULL DEFAULT NULL,
  `updated_at` timestamp NULL DEFAULT NULL,
  PRIMARY KEY (`id`),
  KEY `students_stu_id_index` (`stu_id`),
  KEY `students_location_id_index` (`location_id`),
  KEY `students_department_id_index` (`department_id`)
) ENGINE=InnoDB AUTO_INCREMENT=422 DEFAULT CHARSET=utf8mb4 COLLATE=utf8mb4_unicode_ci;

--
-- Dumping data for table `students`
--

INSERT INTO `students` (`id`, `stu_id`, `GPA`, `location_id`, `phone`, `background`, `department_id`, `created_at`, `updated_at`) VALUES
(302, 1, 2.00, 1, NULL, NULL, 1, '2020-02-11 08:56:55', '2020-02-11 08:56:55'),
(303, 2, 2.00, 1, NULL, NULL, 1, '2020-02-11 08:56:55', '2020-02-11 08:56:55'),
(304, 3, 2.00, 1, NULL, NULL, 1, '2020-02-11 08:56:55', '2020-02-11 08:56:55'),
(305, 4, 2.00, 1, NULL, NULL, 1, '2020-02-11 08:56:55', '2020-02-11 08:56:55'),
(306, 5, 2.00, 1, NULL, NULL, 1, '2020-02-11 08:56:55', '2020-02-11 08:56:55'),
(307, 6, 2.00, 1, NULL, NULL, 1, '2020-02-11 08:56:55', '2020-02-11 08:56:55'),
(308, 7, 2.00, 1, NULL, NULL, 1, '2020-02-11 08:56:55', '2020-02-11 08:56:55'),
(309, 8, 2.00, 1, NULL, NULL, 1, '2020-02-11 08:56:55', '2020-02-11 08:56:55'),
(310, 9, 2.00, 1, NULL, NULL, 1, '2020-02-11 08:56:55', '2020-02-11 08:56:55'),
(311, 10, 2.00, 1, NULL, NULL, 1, '2020-02-11 08:56:55', '2020-02-11 08:56:55'),
(312, 11, 2.00, 1, NULL, NULL, 1, '2020-02-11 08:56:55', '2020-02-11 08:56:55'),
(313, 12, 2.00, 1, NULL, NULL, 1, '2020-02-11 08:56:55', '2020-02-11 08:56:55'),
(314, 13, 2.00, 1, NULL, NULL, 1, '2020-02-11 08:56:55', '2020-02-11 08:56:55'),
(315, 14, 2.00, 1, NULL, NULL, 1, '2020-02-11 08:56:55', '2020-02-11 08:56:55'),
(316, 15, 2.00, 1, NULL, NULL, 1, '2020-02-11 08:56:55', '2020-02-11 08:56:55'),
(317, 16, 2.00, 1, NULL, NULL, 1, '2020-02-11 08:56:55', '2020-02-11 08:56:55'),
(318, 17, 2.00, 1, NULL, NULL, 1, '2020-02-11 08:56:55', '2020-02-11 08:56:55'),
(319, 18, 2.00, 1, NULL, NULL, 1, '2020-02-11 08:56:55', '2020-02-11 08:56:55'),
(320, 19, 2.00, 1, NULL, NULL, 1, '2020-02-11 08:56:55', '2020-02-11 08:56:55'),
(321, 20, 2.00, 1, NULL, NULL, 1, '2020-02-11 08:56:55', '2020-02-11 08:56:55'),
(322, 21, 2.00, 1, NULL, NULL, 1, '2020-02-11 08:56:55', '2020-02-11 08:56:55'),
(323, 22, 2.00, 1, NULL, NULL, 1, '2020-02-11 08:56:55', '2020-02-11 08:56:55'),
(324, 23, 2.00, 1, NULL, NULL, 1, '2020-02-11 08:56:55', '2020-02-11 08:56:55'),
(325, 24, 2.00, 1, NULL, NULL, 1, '2020-02-11 08:56:55', '2020-02-11 08:56:55'),
(326, 25, 2.00, 1, NULL, NULL, 1, '2020-02-11 08:56:55', '2020-02-11 08:56:55'),
(327, 26, 2.00, 1, NULL, NULL, 1, '2020-02-11 08:56:55', '2020-02-11 08:56:55'),
(328, 27, 2.00, 1, NULL, NULL, 1, '2020-02-11 08:56:55', '2020-02-11 08:56:55'),
(329, 28, 2.00, 1, NULL, NULL, 1, '2020-02-11 08:56:55', '2020-02-11 08:56:55'),
(330, 29, 2.00, 1, NULL, NULL, 1, '2020-02-11 08:56:55', '2020-02-11 08:56:55'),
(331, 30, 2.00, 1, NULL, NULL, 1, '2020-02-11 08:56:55', '2020-02-11 08:56:55'),
(332, 31, 2.00, 1, NULL, NULL, 1, '2020-02-11 08:57:26', '2020-02-11 08:57:26'),
(333, 32, 2.00, 1, NULL, NULL, 1, '2020-02-11 08:57:26', '2020-02-11 08:57:26'),
(334, 33, 2.00, 1, NULL, NULL, 1, '2020-02-11 08:57:26', '2020-02-11 08:57:26'),
(335, 34, 2.00, 1, NULL, NULL, 1, '2020-02-11 08:57:26', '2020-02-11 08:57:26'),
(336, 35, 2.00, 1, NULL, NULL, 1, '2020-02-11 08:57:26', '2020-02-11 08:57:26'),
(337, 36, 2.00, 1, NULL, NULL, 1, '2020-02-11 08:57:26', '2020-02-11 08:57:26'),
(338, 37, 2.00, 1, NULL, NULL, 1, '2020-02-11 08:57:26', '2020-02-11 08:57:26'),
(339, 38, 2.00, 1, NULL, NULL, 1, '2020-02-11 08:57:26', '2020-02-11 08:57:26'),
(340, 39, 2.00, 1, NULL, NULL, 1, '2020-02-11 08:57:26', '2020-02-11 08:57:26'),
(341, 40, 2.00, 1, NULL, NULL, 1, '2020-02-11 08:57:26', '2020-02-11 08:57:26'),
(342, 41, 2.00, 1, NULL, NULL, 1, '2020-02-11 08:57:26', '2020-02-11 08:57:26'),
(343, 42, 2.00, 1, NULL, NULL, 1, '2020-02-11 08:57:26', '2020-02-11 08:57:26'),
(344, 43, 2.00, 1, NULL, NULL, 1, '2020-02-11 08:57:26', '2020-02-11 08:57:26'),
(345, 44, 2.00, 1, NULL, NULL, 1, '2020-02-11 08:57:26', '2020-02-11 08:57:26'),
(346, 45, 2.00, 1, NULL, NULL, 1, '2020-02-11 08:57:26', '2020-02-11 08:57:26'),
(347, 46, 2.00, 1, NULL, NULL, 1, '2020-02-11 08:57:26', '2020-02-11 08:57:26'),
(348, 47, 2.00, 1, NULL, NULL, 1, '2020-02-11 08:57:26', '2020-02-11 08:57:26'),
(349, 48, 2.00, 1, NULL, NULL, 1, '2020-02-11 08:57:26', '2020-02-11 08:57:26'),
(350, 49, 2.00, 1, NULL, NULL, 1, '2020-02-11 08:57:26', '2020-02-11 08:57:26'),
(351, 50, 2.00, 1, NULL, NULL, 1, '2020-02-11 08:57:26', '2020-02-11 08:57:26'),
(352, 51, 2.00, 1, NULL, NULL, 1, '2020-02-11 08:57:26', '2020-02-11 08:57:26'),
(353, 52, 2.00, 1, NULL, NULL, 1, '2020-02-11 08:57:26', '2020-02-11 08:57:26'),
(354, 53, 2.00, 1, NULL, NULL, 1, '2020-02-11 08:57:26', '2020-02-11 08:57:26'),
(355, 54, 2.00, 1, NULL, NULL, 1, '2020-02-11 08:57:26', '2020-02-11 08:57:26'),
(356, 55, 2.00, 1, NULL, NULL, 1, '2020-02-11 08:57:26', '2020-02-11 08:57:26'),
(357, 56, 2.00, 1, NULL, NULL, 1, '2020-02-11 08:57:26', '2020-02-11 08:57:26'),
(358, 57, 2.00, 1, NULL, NULL, 1, '2020-02-11 08:57:26', '2020-02-11 08:57:26'),
(359, 58, 2.00, 1, NULL, NULL, 1, '2020-02-11 08:57:26', '2020-02-11 08:57:26'),
(360, 59, 2.00, 1, NULL, NULL, 1, '2020-02-11 08:57:26', '2020-02-11 08:57:26'),
(361, 60, 2.00, 1, NULL, NULL, 1, '2020-02-11 08:57:26', '2020-02-11 08:57:26'),
(362, 61, 2.00, 1, NULL, NULL, 2, '2020-02-11 08:57:45', '2020-02-11 08:57:45'),
(363, 62, 2.00, 1, NULL, NULL, 2, '2020-02-11 08:57:45', '2020-02-11 08:57:45'),
(364, 63, 2.00, 1, NULL, NULL, 2, '2020-02-11 08:57:45', '2020-02-11 08:57:45'),
(365, 64, 2.00, 1, NULL, NULL, 2, '2020-02-11 08:57:45', '2020-02-11 08:57:45'),
(366, 65, 2.00, 1, NULL, NULL, 2, '2020-02-11 08:57:45', '2020-02-11 08:57:45'),
(367, 66, 2.00, 1, NULL, NULL, 2, '2020-02-11 08:57:45', '2020-02-11 08:57:45'),
(368, 67, 2.00, 1, NULL, NULL, 2, '2020-02-11 08:57:45', '2020-02-11 08:57:45'),
(369, 68, 2.00, 1, NULL, NULL, 2, '2020-02-11 08:57:45', '2020-02-11 08:57:45'),
(370, 69, 2.00, 1, NULL, NULL, 2, '2020-02-11 08:57:45', '2020-02-11 08:57:45'),
(371, 70, 2.00, 1, NULL, NULL, 2, '2020-02-11 08:57:45', '2020-02-11 08:57:45'),
(372, 71, 2.00, 1, NULL, NULL, 2, '2020-02-11 08:57:45', '2020-02-11 08:57:45'),
(373, 72, 2.00, 1, NULL, NULL, 2, '2020-02-11 08:57:45', '2020-02-11 08:57:45'),
(374, 73, 2.00, 1, NULL, NULL, 2, '2020-02-11 08:57:45', '2020-02-11 08:57:45'),
(375, 74, 2.00, 1, NULL, NULL, 2, '2020-02-11 08:57:45', '2020-02-11 08:57:45'),
(376, 75, 2.00, 1, NULL, NULL, 2, '2020-02-11 08:57:45', '2020-02-11 08:57:45'),
(377, 76, 2.00, 1, NULL, NULL, 2, '2020-02-11 08:57:45', '2020-02-11 08:57:45'),
(378, 77, 2.00, 1, NULL, NULL, 2, '2020-02-11 08:57:45', '2020-02-11 08:57:45'),
(379, 78, 2.00, 1, NULL, NULL, 2, '2020-02-11 08:57:45', '2020-02-11 08:57:45'),
(380, 79, 2.00, 1, NULL, NULL, 2, '2020-02-11 08:57:45', '2020-02-11 08:57:45'),
(381, 80, 2.00, 1, NULL, NULL, 2, '2020-02-11 08:57:45', '2020-02-11 08:57:45'),
(382, 81, 2.00, 1, NULL, NULL, 2, '2020-02-11 08:57:45', '2020-02-11 08:57:45'),
(383, 82, 2.00, 1, NULL, NULL, 2, '2020-02-11 08:57:45', '2020-02-11 08:57:45'),
(384, 83, 2.00, 1, NULL, NULL, 2, '2020-02-11 08:57:45', '2020-02-11 08:57:45'),
(385, 84, 2.00, 1, NULL, NULL, 2, '2020-02-11 08:57:45', '2020-02-11 08:57:45'),
(386, 85, 2.00, 1, NULL, NULL, 2, '2020-02-11 08:57:45', '2020-02-11 08:57:45'),
(387, 86, 2.00, 1, NULL, NULL, 2, '2020-02-11 08:57:45', '2020-02-11 08:57:45'),
(388, 87, 2.00, 1, NULL, NULL, 2, '2020-02-11 08:57:45', '2020-02-11 08:57:45'),
(389, 88, 2.00, 1, NULL, NULL, 2, '2020-02-11 08:57:45', '2020-02-11 08:57:45'),
(390, 89, 2.00, 1, NULL, NULL, 2, '2020-02-11 08:57:45', '2020-02-11 08:57:45'),
(391, 90, 2.00, 1, NULL, NULL, 2, '2020-02-11 08:57:45', '2020-02-11 08:57:45'),
(392, 91, 2.00, 1, NULL, NULL, 3, '2020-02-11 08:58:05', '2020-02-11 08:58:05'),
(393, 92, 2.00, 1, NULL, NULL, 3, '2020-02-11 08:58:05', '2020-02-11 08:58:05'),
(394, 93, 2.00, 1, NULL, NULL, 3, '2020-02-11 08:58:05', '2020-02-11 08:58:05'),
(395, 94, 2.00, 1, NULL, NULL, 3, '2020-02-11 08:58:05', '2020-02-11 08:58:05'),
(396, 95, 2.00, 1, NULL, NULL, 3, '2020-02-11 08:58:05', '2020-02-11 08:58:05'),
(397, 96, 2.00, 1, NULL, NULL, 3, '2020-02-11 08:58:05', '2020-02-11 08:58:05'),
(398, 97, 2.00, 1, NULL, NULL, 3, '2020-02-11 08:58:05', '2020-02-11 08:58:05'),
(399, 98, 2.00, 1, NULL, NULL, 3, '2020-02-11 08:58:05', '2020-02-11 08:58:05'),
(400, 99, 2.00, 1, NULL, NULL, 3, '2020-02-11 08:58:05', '2020-02-11 08:58:05'),
(401, 100, 2.00, 1, NULL, NULL, 3, '2020-02-11 08:58:05', '2020-02-11 08:58:05'),
(402, 101, 2.00, 1, NULL, NULL, 3, '2020-02-11 08:58:05', '2020-02-11 08:58:05'),
(403, 102, 2.00, 1, NULL, NULL, 3, '2020-02-11 08:58:05', '2020-02-11 08:58:05'),
(404, 103, 2.00, 1, NULL, NULL, 3, '2020-02-11 08:58:05', '2020-02-11 08:58:05'),
(405, 104, 2.00, 1, NULL, NULL, 3, '2020-02-11 08:58:05', '2020-02-11 08:58:05'),
(406, 105, 2.00, 1, NULL, NULL, 3, '2020-02-11 08:58:05', '2020-02-11 08:58:05'),
(407, 106, 2.00, 1, NULL, NULL, 3, '2020-02-11 08:58:05', '2020-02-11 08:58:05'),
(408, 107, 2.00, 1, NULL, NULL, 3, '2020-02-11 08:58:05', '2020-02-11 08:58:05'),
(409, 108, 2.00, 1, NULL, NULL, 3, '2020-02-11 08:58:05', '2020-02-11 08:58:05'),
(410, 109, 2.00, 1, NULL, NULL, 3, '2020-02-11 08:58:05', '2020-02-11 08:58:05'),
(411, 110, 2.00, 1, NULL, NULL, 3, '2020-02-11 08:58:05', '2020-02-11 08:58:05'),
(412, 111, 2.00, 1, NULL, NULL, 3, '2020-02-11 08:58:05', '2020-02-11 08:58:05'),
(413, 112, 2.00, 1, NULL, NULL, 3, '2020-02-11 08:58:05', '2020-02-11 08:58:05'),
(414, 113, 2.00, 1, NULL, NULL, 3, '2020-02-11 08:58:05', '2020-02-11 08:58:05'),
(415, 114, 2.00, 1, NULL, NULL, 3, '2020-02-11 08:58:05', '2020-02-11 08:58:05'),
(416, 115, 2.00, 1, NULL, NULL, 3, '2020-02-11 08:58:05', '2020-02-11 08:58:05'),
(417, 116, 2.00, 1, NULL, NULL, 3, '2020-02-11 08:58:05', '2020-02-11 08:58:05'),
(418, 117, 2.00, 1, NULL, NULL, 3, '2020-02-11 08:58:05', '2020-02-11 08:58:05'),
(419, 118, 2.00, 1, NULL, NULL, 3, '2020-02-11 08:58:05', '2020-02-11 08:58:05'),
(420, 119, 2.00, 1, NULL, NULL, 3, '2020-02-11 08:58:05', '2020-02-11 08:58:05'),
(421, 120, 2.00, 1, NULL, NULL, 3, '2020-02-11 08:58:05', '2020-02-11 08:58:05');

-- --------------------------------------------------------

--
-- Table structure for table `users`
--

DROP TABLE IF EXISTS `users`;
CREATE TABLE IF NOT EXISTS `users` (
  `id` int(10) UNSIGNED NOT NULL AUTO_INCREMENT,
  `name` varchar(191) COLLATE utf8mb4_unicode_ci NOT NULL,
  `email` varchar(191) COLLATE utf8mb4_unicode_ci NOT NULL,
  `email_verified_at` timestamp NULL DEFAULT NULL,
  `password` varchar(191) COLLATE utf8mb4_unicode_ci NOT NULL,
  `role_id` int(10) UNSIGNED NOT NULL,
  `remember_token` varchar(100) COLLATE utf8mb4_unicode_ci DEFAULT NULL,
  `created_at` timestamp NULL DEFAULT NULL,
  `updated_at` timestamp NULL DEFAULT NULL,
  PRIMARY KEY (`id`),
  UNIQUE KEY `users_email_unique` (`email`),
  KEY `users_role_id_index` (`role_id`)
) ENGINE=InnoDB AUTO_INCREMENT=121 DEFAULT CHARSET=utf8mb4 COLLATE=utf8mb4_unicode_ci;

--
-- Dumping data for table `users`
--

INSERT INTO `users` (`id`, `name`, `email`, `email_verified_at`, `password`, `role_id`, `remember_token`, `created_at`, `updated_at`) VALUES
(1, 'Emmalee Thompson', 'kkunze@example.org', '2020-02-10 09:39:57', '$2y$10$92IXUNpkjO0rOQ5byMi.Ye4oKoEa3Ro9llC/.og/at2.uheWG/igi', 3, 'yAnrTWfyjT', '2020-02-10 09:39:57', '2020-02-10 09:39:57'),
(2, 'Jacey Kuhlman I', 'sauer.hyman@example.net', '2020-02-10 09:39:57', '$2y$10$92IXUNpkjO0rOQ5byMi.Ye4oKoEa3Ro9llC/.og/at2.uheWG/igi', 3, 'HsAzBJErz1', '2020-02-10 09:39:57', '2020-02-10 09:39:57'),
(3, 'Dr. Odie Kerluke Sr.', 'mariano.lakin@example.net', '2020-02-10 09:39:57', '$2y$10$92IXUNpkjO0rOQ5byMi.Ye4oKoEa3Ro9llC/.og/at2.uheWG/igi', 3, 'ZkC4fYUyvP', '2020-02-10 09:39:57', '2020-02-10 09:39:57'),
(4, 'Dr. Hertha Beer', 'carol50@example.com', '2020-02-10 09:39:57', '$2y$10$92IXUNpkjO0rOQ5byMi.Ye4oKoEa3Ro9llC/.og/at2.uheWG/igi', 3, 'XIT3PPHQtf', '2020-02-10 09:39:57', '2020-02-10 09:39:57'),
(5, 'Lowell Bernier I', 'norris69@example.com', '2020-02-10 09:39:57', '$2y$10$92IXUNpkjO0rOQ5byMi.Ye4oKoEa3Ro9llC/.og/at2.uheWG/igi', 3, 'j5dETqUDWJ', '2020-02-10 09:39:57', '2020-02-10 09:39:57'),
(6, 'Minnie Dibbert', 'jules.steuber@example.com', '2020-02-10 09:39:57', '$2y$10$92IXUNpkjO0rOQ5byMi.Ye4oKoEa3Ro9llC/.og/at2.uheWG/igi', 3, 'FUqIrjAJ9V', '2020-02-10 09:39:57', '2020-02-10 09:39:57'),
(7, 'Ms. Bridgette Gottlieb', 'zkeebler@example.net', '2020-02-10 09:39:57', '$2y$10$92IXUNpkjO0rOQ5byMi.Ye4oKoEa3Ro9llC/.og/at2.uheWG/igi', 3, 'e68SRTJYyF', '2020-02-10 09:39:57', '2020-02-10 09:39:57'),
(8, 'Mervin Beatty PhD', 'ikshlerin@example.com', '2020-02-10 09:39:57', '$2y$10$92IXUNpkjO0rOQ5byMi.Ye4oKoEa3Ro9llC/.og/at2.uheWG/igi', 3, 'CJWHmEUViN', '2020-02-10 09:39:57', '2020-02-10 09:39:57'),
(9, 'Mr. Tevin Goodwin DVM', 'gina.funk@example.org', '2020-02-10 09:39:57', '$2y$10$92IXUNpkjO0rOQ5byMi.Ye4oKoEa3Ro9llC/.og/at2.uheWG/igi', 3, 'WewVNWOZWE', '2020-02-10 09:39:57', '2020-02-10 09:39:57'),
(10, 'Zita Keeling', 'pouros.daryl@example.com', '2020-02-10 09:39:57', '$2y$10$92IXUNpkjO0rOQ5byMi.Ye4oKoEa3Ro9llC/.og/at2.uheWG/igi', 3, 'nBxpkXcaND', '2020-02-10 09:39:57', '2020-02-10 09:39:57'),
(11, 'Yadira Murazik', 'allison.beer@example.org', '2020-02-10 09:39:57', '$2y$10$92IXUNpkjO0rOQ5byMi.Ye4oKoEa3Ro9llC/.og/at2.uheWG/igi', 3, 'NxinblwCjQ', '2020-02-10 09:39:57', '2020-02-10 09:39:57'),
(12, 'Mr. Dagmar Wyman', 'breitenberg.dedric@example.com', '2020-02-10 09:39:57', '$2y$10$92IXUNpkjO0rOQ5byMi.Ye4oKoEa3Ro9llC/.og/at2.uheWG/igi', 3, 'psqk82soSq', '2020-02-10 09:39:57', '2020-02-10 09:39:57'),
(13, 'Hettie Brakus', 'dokeefe@example.com', '2020-02-10 09:39:57', '$2y$10$92IXUNpkjO0rOQ5byMi.Ye4oKoEa3Ro9llC/.og/at2.uheWG/igi', 3, 'nFlGtS74pU', '2020-02-10 09:39:57', '2020-02-10 09:39:57'),
(14, 'Mr. Jayde Rolfson', 'hiram98@example.org', '2020-02-10 09:39:57', '$2y$10$92IXUNpkjO0rOQ5byMi.Ye4oKoEa3Ro9llC/.og/at2.uheWG/igi', 3, 'GxF5cBg405', '2020-02-10 09:39:57', '2020-02-10 09:39:57'),
(15, 'Prof. Chelsey Marks', 'veum.camden@example.org', '2020-02-10 09:39:57', '$2y$10$92IXUNpkjO0rOQ5byMi.Ye4oKoEa3Ro9llC/.og/at2.uheWG/igi', 3, 'uH2tUZpov3', '2020-02-10 09:39:57', '2020-02-10 09:39:57'),
(16, 'Ms. Cydney Corkery', 'bashirian.cedrick@example.org', '2020-02-10 09:39:57', '$2y$10$92IXUNpkjO0rOQ5byMi.Ye4oKoEa3Ro9llC/.og/at2.uheWG/igi', 3, 'XzNWq1hGl6', '2020-02-10 09:39:57', '2020-02-10 09:39:57'),
(17, 'Elody Fahey Sr.', 'bschaefer@example.com', '2020-02-10 09:39:57', '$2y$10$92IXUNpkjO0rOQ5byMi.Ye4oKoEa3Ro9llC/.og/at2.uheWG/igi', 3, 'k1URceRADP', '2020-02-10 09:39:57', '2020-02-10 09:39:57'),
(18, 'Mr. Travon Yundt', 'vidal27@example.com', '2020-02-10 09:39:57', '$2y$10$92IXUNpkjO0rOQ5byMi.Ye4oKoEa3Ro9llC/.og/at2.uheWG/igi', 3, 'IpRUdukNUd', '2020-02-10 09:39:57', '2020-02-10 09:39:57'),
(19, 'Peyton Pagac PhD', 'hansen.tatum@example.org', '2020-02-10 09:39:57', '$2y$10$92IXUNpkjO0rOQ5byMi.Ye4oKoEa3Ro9llC/.og/at2.uheWG/igi', 3, '1tBfHXNpDC', '2020-02-10 09:39:57', '2020-02-10 09:39:57'),
(20, 'Mrs. Maudie Heller DDS', 'mossie52@example.org', '2020-02-10 09:39:57', '$2y$10$92IXUNpkjO0rOQ5byMi.Ye4oKoEa3Ro9llC/.og/at2.uheWG/igi', 3, 'ianfRy6qr2', '2020-02-10 09:39:57', '2020-02-10 09:39:57'),
(21, 'Jordon Glover I', 'gulgowski.freda@example.com', '2020-02-10 09:39:57', '$2y$10$92IXUNpkjO0rOQ5byMi.Ye4oKoEa3Ro9llC/.og/at2.uheWG/igi', 3, 'nXd7R3tdzq', '2020-02-10 09:39:57', '2020-02-10 09:39:57'),
(22, 'Edgar Prosacco', 'luettgen.harold@example.com', '2020-02-10 09:39:57', '$2y$10$92IXUNpkjO0rOQ5byMi.Ye4oKoEa3Ro9llC/.og/at2.uheWG/igi', 3, 'lZtbK1HWmI', '2020-02-10 09:39:57', '2020-02-10 09:39:57'),
(23, 'Brady Sporer', 'oward@example.net', '2020-02-10 09:39:57', '$2y$10$92IXUNpkjO0rOQ5byMi.Ye4oKoEa3Ro9llC/.og/at2.uheWG/igi', 3, 'nY3SDJO2w2', '2020-02-10 09:39:57', '2020-02-10 09:39:57'),
(24, 'Earnestine Zemlak', 'roberts.lisandro@example.org', '2020-02-10 09:39:57', '$2y$10$92IXUNpkjO0rOQ5byMi.Ye4oKoEa3Ro9llC/.og/at2.uheWG/igi', 3, 'W6KuvlgTgo', '2020-02-10 09:39:57', '2020-02-10 09:39:57'),
(25, 'Alfredo Rohan', 'jhamill@example.net', '2020-02-10 09:39:57', '$2y$10$92IXUNpkjO0rOQ5byMi.Ye4oKoEa3Ro9llC/.og/at2.uheWG/igi', 3, 'hdVul0o08E', '2020-02-10 09:39:57', '2020-02-10 09:39:57'),
(26, 'Ruth Conroy', 'heather54@example.net', '2020-02-10 09:39:57', '$2y$10$92IXUNpkjO0rOQ5byMi.Ye4oKoEa3Ro9llC/.og/at2.uheWG/igi', 3, 'dituoa4NEC', '2020-02-10 09:39:57', '2020-02-10 09:39:57'),
(27, 'Dr. Cleora Walter', 'katlynn17@example.com', '2020-02-10 09:39:57', '$2y$10$92IXUNpkjO0rOQ5byMi.Ye4oKoEa3Ro9llC/.og/at2.uheWG/igi', 3, 'M1OcQvOnqg', '2020-02-10 09:39:57', '2020-02-10 09:39:57'),
(28, 'Prof. Sonny Greenfelder', 'kirsten41@example.org', '2020-02-10 09:39:57', '$2y$10$92IXUNpkjO0rOQ5byMi.Ye4oKoEa3Ro9llC/.og/at2.uheWG/igi', 3, 'aoGqR0lWfv', '2020-02-10 09:39:57', '2020-02-10 09:39:57'),
(29, 'Rosalyn Barrows', 'constance63@example.net', '2020-02-10 09:39:57', '$2y$10$92IXUNpkjO0rOQ5byMi.Ye4oKoEa3Ro9llC/.og/at2.uheWG/igi', 3, 'gf6i9cotnP', '2020-02-10 09:39:57', '2020-02-10 09:39:57'),
(30, 'Ms. Anya Flatley DDS', 'haag.arnoldo@example.net', '2020-02-10 09:39:57', '$2y$10$92IXUNpkjO0rOQ5byMi.Ye4oKoEa3Ro9llC/.og/at2.uheWG/igi', 3, 'EATbKhruh9', '2020-02-10 09:39:57', '2020-02-10 09:39:57'),
(31, 'Libbie Goyette', 'alex97@example.org', '2020-02-10 09:39:59', '$2y$10$92IXUNpkjO0rOQ5byMi.Ye4oKoEa3Ro9llC/.og/at2.uheWG/igi', 3, 'dNVpG59Z3a', '2020-02-10 09:39:59', '2020-02-10 09:39:59'),
(32, 'Carmel Klocko', 'theresia72@example.net', '2020-02-10 09:39:59', '$2y$10$92IXUNpkjO0rOQ5byMi.Ye4oKoEa3Ro9llC/.og/at2.uheWG/igi', 3, '3qMECZrjss', '2020-02-10 09:39:59', '2020-02-10 09:39:59'),
(33, 'Faye Ankunding', 'rosetta.hermiston@example.com', '2020-02-10 09:39:59', '$2y$10$92IXUNpkjO0rOQ5byMi.Ye4oKoEa3Ro9llC/.og/at2.uheWG/igi', 3, 'hqeIGeueYW', '2020-02-10 09:39:59', '2020-02-10 09:39:59'),
(34, 'Toby Rohan', 'schroeder.geraldine@example.net', '2020-02-10 09:39:59', '$2y$10$92IXUNpkjO0rOQ5byMi.Ye4oKoEa3Ro9llC/.og/at2.uheWG/igi', 3, 'mqRtxvwoYN', '2020-02-10 09:39:59', '2020-02-10 09:39:59'),
(35, 'Prof. Joshua Goyette PhD', 'feeney.torrance@example.org', '2020-02-10 09:39:59', '$2y$10$92IXUNpkjO0rOQ5byMi.Ye4oKoEa3Ro9llC/.og/at2.uheWG/igi', 3, 'C8yZvmMomL', '2020-02-10 09:39:59', '2020-02-10 09:39:59'),
(36, 'Rosa Hettinger PhD', 'mabelle53@example.org', '2020-02-10 09:39:59', '$2y$10$92IXUNpkjO0rOQ5byMi.Ye4oKoEa3Ro9llC/.og/at2.uheWG/igi', 3, 'f8rgPlgAxs', '2020-02-10 09:39:59', '2020-02-10 09:39:59'),
(37, 'Connie DuBuque II', 'clyde.roberts@example.org', '2020-02-10 09:39:59', '$2y$10$92IXUNpkjO0rOQ5byMi.Ye4oKoEa3Ro9llC/.og/at2.uheWG/igi', 3, 'Nlz0ZoE67i', '2020-02-10 09:39:59', '2020-02-10 09:39:59'),
(38, 'Oda Lebsack', 'mraz.winston@example.org', '2020-02-10 09:39:59', '$2y$10$92IXUNpkjO0rOQ5byMi.Ye4oKoEa3Ro9llC/.og/at2.uheWG/igi', 3, 'sJo1daQ1xw', '2020-02-10 09:39:59', '2020-02-10 09:39:59'),
(39, 'Mrs. Gerry Windler', 'ethan.hahn@example.org', '2020-02-10 09:39:59', '$2y$10$92IXUNpkjO0rOQ5byMi.Ye4oKoEa3Ro9llC/.og/at2.uheWG/igi', 3, 'EbkU44wZ8g', '2020-02-10 09:39:59', '2020-02-10 09:39:59'),
(40, 'Kris Beahan MD', 'laverne65@example.com', '2020-02-10 09:39:59', '$2y$10$92IXUNpkjO0rOQ5byMi.Ye4oKoEa3Ro9llC/.og/at2.uheWG/igi', 3, 'Le2d3qOI1o', '2020-02-10 09:39:59', '2020-02-10 09:39:59'),
(41, 'Amelie Bins', 'zsanford@example.net', '2020-02-10 09:39:59', '$2y$10$92IXUNpkjO0rOQ5byMi.Ye4oKoEa3Ro9llC/.og/at2.uheWG/igi', 3, 'tNwQNPYuGB', '2020-02-10 09:39:59', '2020-02-10 09:39:59'),
(42, 'John Carter', 'durward84@example.com', '2020-02-10 09:39:59', '$2y$10$92IXUNpkjO0rOQ5byMi.Ye4oKoEa3Ro9llC/.og/at2.uheWG/igi', 3, 'zO0FxuWiEQ', '2020-02-10 09:39:59', '2020-02-10 09:39:59'),
(43, 'Retta Moen', 'schuppe.edward@example.com', '2020-02-10 09:39:59', '$2y$10$92IXUNpkjO0rOQ5byMi.Ye4oKoEa3Ro9llC/.og/at2.uheWG/igi', 3, 'aitSN4Ztuk', '2020-02-10 09:39:59', '2020-02-10 09:39:59'),
(44, 'Clay King', 'alexane44@example.org', '2020-02-10 09:39:59', '$2y$10$92IXUNpkjO0rOQ5byMi.Ye4oKoEa3Ro9llC/.og/at2.uheWG/igi', 3, 'k1SNUfUicP', '2020-02-10 09:39:59', '2020-02-10 09:39:59'),
(45, 'Dr. Spencer Trantow I', 'rowland.pfeffer@example.org', '2020-02-10 09:39:59', '$2y$10$92IXUNpkjO0rOQ5byMi.Ye4oKoEa3Ro9llC/.og/at2.uheWG/igi', 3, 'PiCGyR6wUU', '2020-02-10 09:39:59', '2020-02-10 09:39:59'),
(46, 'Pat Pacocha IV', 'oconner.kristopher@example.net', '2020-02-10 09:39:59', '$2y$10$92IXUNpkjO0rOQ5byMi.Ye4oKoEa3Ro9llC/.og/at2.uheWG/igi', 3, 'MXuSCbpILo', '2020-02-10 09:39:59', '2020-02-10 09:39:59'),
(47, 'Prof. Shane Kris DDS', 'lou08@example.net', '2020-02-10 09:39:59', '$2y$10$92IXUNpkjO0rOQ5byMi.Ye4oKoEa3Ro9llC/.og/at2.uheWG/igi', 3, 'zu5j8kIVSO', '2020-02-10 09:39:59', '2020-02-10 09:39:59'),
(48, 'Carter Gleason', 'robel.jeanette@example.net', '2020-02-10 09:39:59', '$2y$10$92IXUNpkjO0rOQ5byMi.Ye4oKoEa3Ro9llC/.og/at2.uheWG/igi', 3, 'j9vpbCZU8Z', '2020-02-10 09:39:59', '2020-02-10 09:39:59'),
(49, 'Ewell Johnston', 'pblanda@example.com', '2020-02-10 09:39:59', '$2y$10$92IXUNpkjO0rOQ5byMi.Ye4oKoEa3Ro9llC/.og/at2.uheWG/igi', 3, 'jKtFQzqXYI', '2020-02-10 09:39:59', '2020-02-10 09:39:59'),
(50, 'Prof. Jaiden Bogisich III', 'rtromp@example.net', '2020-02-10 09:39:59', '$2y$10$92IXUNpkjO0rOQ5byMi.Ye4oKoEa3Ro9llC/.og/at2.uheWG/igi', 3, 'NgjiXYh2JH', '2020-02-10 09:39:59', '2020-02-10 09:39:59'),
(51, 'Prof. Kara Sauer III', 'heathcote.jeffry@example.org', '2020-02-10 09:39:59', '$2y$10$92IXUNpkjO0rOQ5byMi.Ye4oKoEa3Ro9llC/.og/at2.uheWG/igi', 3, '2w5qhKwOqP', '2020-02-10 09:39:59', '2020-02-10 09:39:59'),
(52, 'Keara McKenzie', 'little.tomasa@example.com', '2020-02-10 09:39:59', '$2y$10$92IXUNpkjO0rOQ5byMi.Ye4oKoEa3Ro9llC/.og/at2.uheWG/igi', 3, '4ANzlxPWgB', '2020-02-10 09:39:59', '2020-02-10 09:39:59'),
(53, 'Dorothy Reinger', 'wsmith@example.net', '2020-02-10 09:39:59', '$2y$10$92IXUNpkjO0rOQ5byMi.Ye4oKoEa3Ro9llC/.og/at2.uheWG/igi', 3, 'She44JY6Vf', '2020-02-10 09:39:59', '2020-02-10 09:39:59'),
(54, 'Dr. Braden Heaney', 'mwill@example.org', '2020-02-10 09:39:59', '$2y$10$92IXUNpkjO0rOQ5byMi.Ye4oKoEa3Ro9llC/.og/at2.uheWG/igi', 3, 'ORzgOa5h5S', '2020-02-10 09:39:59', '2020-02-10 09:39:59'),
(55, 'Rae Smitham', 'alda.bernier@example.com', '2020-02-10 09:39:59', '$2y$10$92IXUNpkjO0rOQ5byMi.Ye4oKoEa3Ro9llC/.og/at2.uheWG/igi', 3, 'jsukvLlUV6', '2020-02-10 09:39:59', '2020-02-10 09:39:59'),
(56, 'Clinton O\'Connell', 'jerry34@example.org', '2020-02-10 09:39:59', '$2y$10$92IXUNpkjO0rOQ5byMi.Ye4oKoEa3Ro9llC/.og/at2.uheWG/igi', 3, 'faIXNSIarZ', '2020-02-10 09:39:59', '2020-02-10 09:39:59'),
(57, 'Ezekiel Kovacek', 'kauer@example.com', '2020-02-10 09:39:59', '$2y$10$92IXUNpkjO0rOQ5byMi.Ye4oKoEa3Ro9llC/.og/at2.uheWG/igi', 3, 'BRVV6c3WMu', '2020-02-10 09:39:59', '2020-02-10 09:39:59'),
(58, 'Prof. Kiel Gerlach MD', 'feichmann@example.net', '2020-02-10 09:39:59', '$2y$10$92IXUNpkjO0rOQ5byMi.Ye4oKoEa3Ro9llC/.og/at2.uheWG/igi', 3, 'ivaGVOuIwV', '2020-02-10 09:39:59', '2020-02-10 09:39:59'),
(59, 'Winfield Kilback', 'heaney.jamey@example.net', '2020-02-10 09:39:59', '$2y$10$92IXUNpkjO0rOQ5byMi.Ye4oKoEa3Ro9llC/.og/at2.uheWG/igi', 3, 'Lqn1C5Hpzn', '2020-02-10 09:39:59', '2020-02-10 09:39:59'),
(60, 'Malvina Schroeder', 'gerlach.jon@example.net', '2020-02-10 09:39:59', '$2y$10$92IXUNpkjO0rOQ5byMi.Ye4oKoEa3Ro9llC/.og/at2.uheWG/igi', 3, 'Wi7TyYlRXl', '2020-02-10 09:39:59', '2020-02-10 09:39:59'),
(61, 'Prof. Desmond Moen I', 'idibbert@example.net', '2020-02-10 09:40:00', '$2y$10$92IXUNpkjO0rOQ5byMi.Ye4oKoEa3Ro9llC/.og/at2.uheWG/igi', 3, '8blanS7Uha', '2020-02-10 09:40:00', '2020-02-10 09:40:00'),
(62, 'Elsa Koch', 'watsica.gillian@example.net', '2020-02-10 09:40:00', '$2y$10$92IXUNpkjO0rOQ5byMi.Ye4oKoEa3Ro9llC/.og/at2.uheWG/igi', 3, 'YALpzPQmzC', '2020-02-10 09:40:00', '2020-02-10 09:40:00'),
(63, 'Maryam Simonis', 'henderson35@example.com', '2020-02-10 09:40:00', '$2y$10$92IXUNpkjO0rOQ5byMi.Ye4oKoEa3Ro9llC/.og/at2.uheWG/igi', 3, 'YxGgvqPVWW', '2020-02-10 09:40:00', '2020-02-10 09:40:00'),
(64, 'Ms. Beth Witting', 'kfeeney@example.org', '2020-02-10 09:40:00', '$2y$10$92IXUNpkjO0rOQ5byMi.Ye4oKoEa3Ro9llC/.og/at2.uheWG/igi', 3, 'FfkGX4SQ7W', '2020-02-10 09:40:00', '2020-02-10 09:40:00'),
(65, 'Prof. Flossie Grant', 'qlubowitz@example.org', '2020-02-10 09:40:00', '$2y$10$92IXUNpkjO0rOQ5byMi.Ye4oKoEa3Ro9llC/.og/at2.uheWG/igi', 3, 'XYEchTtnUf', '2020-02-10 09:40:00', '2020-02-10 09:40:00'),
(66, 'Alphonso Conroy DDS', 'shanon.bartell@example.com', '2020-02-10 09:40:00', '$2y$10$92IXUNpkjO0rOQ5byMi.Ye4oKoEa3Ro9llC/.og/at2.uheWG/igi', 3, '12QC9mIyea', '2020-02-10 09:40:00', '2020-02-10 09:40:00'),
(67, 'Rocky Hermann', 'dickinson.berneice@example.net', '2020-02-10 09:40:00', '$2y$10$92IXUNpkjO0rOQ5byMi.Ye4oKoEa3Ro9llC/.og/at2.uheWG/igi', 3, 'pbaLbzI7dj', '2020-02-10 09:40:00', '2020-02-10 09:40:00'),
(68, 'Prof. Alvina Waelchi IV', 'adonis.schroeder@example.net', '2020-02-10 09:40:00', '$2y$10$92IXUNpkjO0rOQ5byMi.Ye4oKoEa3Ro9llC/.og/at2.uheWG/igi', 3, 'tDJkLUnalN', '2020-02-10 09:40:00', '2020-02-10 09:40:00'),
(69, 'Prof. Kasandra Howell DVM', 'zbotsford@example.org', '2020-02-10 09:40:00', '$2y$10$92IXUNpkjO0rOQ5byMi.Ye4oKoEa3Ro9llC/.og/at2.uheWG/igi', 3, 'DWG1UJglDt', '2020-02-10 09:40:00', '2020-02-10 09:40:00'),
(70, 'Estella Russel', 'omorissette@example.net', '2020-02-10 09:40:00', '$2y$10$92IXUNpkjO0rOQ5byMi.Ye4oKoEa3Ro9llC/.og/at2.uheWG/igi', 3, 'lRg1xRzxRd', '2020-02-10 09:40:00', '2020-02-10 09:40:00'),
(71, 'Dr. Brody Reichert V', 'phackett@example.net', '2020-02-10 09:40:00', '$2y$10$92IXUNpkjO0rOQ5byMi.Ye4oKoEa3Ro9llC/.og/at2.uheWG/igi', 3, 'RMCgH5Pb8P', '2020-02-10 09:40:00', '2020-02-10 09:40:00'),
(72, 'Isac Cremin', 'bobby34@example.net', '2020-02-10 09:40:00', '$2y$10$92IXUNpkjO0rOQ5byMi.Ye4oKoEa3Ro9llC/.og/at2.uheWG/igi', 3, '9emOCE5dMn', '2020-02-10 09:40:00', '2020-02-10 09:40:00'),
(73, 'Jennyfer Lubowitz', 'sanford.justine@example.com', '2020-02-10 09:40:00', '$2y$10$92IXUNpkjO0rOQ5byMi.Ye4oKoEa3Ro9llC/.og/at2.uheWG/igi', 3, 'ajyZ24MSWB', '2020-02-10 09:40:00', '2020-02-10 09:40:00'),
(74, 'Mona Kutch', 'murray.mary@example.org', '2020-02-10 09:40:00', '$2y$10$92IXUNpkjO0rOQ5byMi.Ye4oKoEa3Ro9llC/.og/at2.uheWG/igi', 3, 'YwYTszObMV', '2020-02-10 09:40:00', '2020-02-10 09:40:00'),
(75, 'Ike Wintheiser DDS', 'rasheed93@example.com', '2020-02-10 09:40:00', '$2y$10$92IXUNpkjO0rOQ5byMi.Ye4oKoEa3Ro9llC/.og/at2.uheWG/igi', 3, 'xDgPkUrlfM', '2020-02-10 09:40:00', '2020-02-10 09:40:00'),
(76, 'Bill Greenfelder', 'laila.muller@example.net', '2020-02-10 09:40:00', '$2y$10$92IXUNpkjO0rOQ5byMi.Ye4oKoEa3Ro9llC/.og/at2.uheWG/igi', 3, 'cQ09I2F0Q8', '2020-02-10 09:40:00', '2020-02-10 09:40:00'),
(77, 'Josie Luettgen', 'carolyne.sauer@example.com', '2020-02-10 09:40:00', '$2y$10$92IXUNpkjO0rOQ5byMi.Ye4oKoEa3Ro9llC/.og/at2.uheWG/igi', 3, '3YB2GtHXqc', '2020-02-10 09:40:00', '2020-02-10 09:40:00'),
(78, 'Oleta Sporer', 'gloria.sipes@example.net', '2020-02-10 09:40:00', '$2y$10$92IXUNpkjO0rOQ5byMi.Ye4oKoEa3Ro9llC/.og/at2.uheWG/igi', 3, '4nLcsrxMoz', '2020-02-10 09:40:00', '2020-02-10 09:40:00'),
(79, 'Ericka Gottlieb', 'hoyt.ankunding@example.com', '2020-02-10 09:40:00', '$2y$10$92IXUNpkjO0rOQ5byMi.Ye4oKoEa3Ro9llC/.og/at2.uheWG/igi', 3, 'NyZ1eKbT5M', '2020-02-10 09:40:00', '2020-02-10 09:40:00'),
(80, 'Dorian Brekke V', 'olen84@example.org', '2020-02-10 09:40:00', '$2y$10$92IXUNpkjO0rOQ5byMi.Ye4oKoEa3Ro9llC/.og/at2.uheWG/igi', 3, 'RU3QJ4PVPK', '2020-02-10 09:40:00', '2020-02-10 09:40:00'),
(81, 'Keshaun Schuster', 'kunde.domenick@example.com', '2020-02-10 09:40:00', '$2y$10$92IXUNpkjO0rOQ5byMi.Ye4oKoEa3Ro9llC/.og/at2.uheWG/igi', 3, 'McITUUUR1g', '2020-02-10 09:40:00', '2020-02-10 09:40:00'),
(82, 'Hans Klein', 'della26@example.com', '2020-02-10 09:40:00', '$2y$10$92IXUNpkjO0rOQ5byMi.Ye4oKoEa3Ro9llC/.og/at2.uheWG/igi', 3, 'zhVAIBYNoi', '2020-02-10 09:40:00', '2020-02-10 09:40:00'),
(83, 'Prof. Jameson Herzog', 'uveum@example.com', '2020-02-10 09:40:00', '$2y$10$92IXUNpkjO0rOQ5byMi.Ye4oKoEa3Ro9llC/.og/at2.uheWG/igi', 3, 'NcziyMdOU3', '2020-02-10 09:40:00', '2020-02-10 09:40:00'),
(84, 'Prof. Agustin Dickens', 'holden.upton@example.com', '2020-02-10 09:40:00', '$2y$10$92IXUNpkjO0rOQ5byMi.Ye4oKoEa3Ro9llC/.og/at2.uheWG/igi', 3, '54QyBVIRDZ', '2020-02-10 09:40:00', '2020-02-10 09:40:00'),
(85, 'Mr. Kennedy Kiehn Sr.', 'smitham.tamara@example.net', '2020-02-10 09:40:00', '$2y$10$92IXUNpkjO0rOQ5byMi.Ye4oKoEa3Ro9llC/.og/at2.uheWG/igi', 3, 'pE5zu0lgXd', '2020-02-10 09:40:00', '2020-02-10 09:40:00'),
(86, 'Glenna Dietrich PhD', 'torphy.benedict@example.org', '2020-02-10 09:40:00', '$2y$10$92IXUNpkjO0rOQ5byMi.Ye4oKoEa3Ro9llC/.og/at2.uheWG/igi', 3, 'bkf1O6vWZ1', '2020-02-10 09:40:00', '2020-02-10 09:40:00'),
(87, 'Chadrick Streich', 'yswaniawski@example.com', '2020-02-10 09:40:00', '$2y$10$92IXUNpkjO0rOQ5byMi.Ye4oKoEa3Ro9llC/.og/at2.uheWG/igi', 3, 'pPS6FW8lem', '2020-02-10 09:40:00', '2020-02-10 09:40:00'),
(88, 'Zora Nitzsche', 'vmitchell@example.org', '2020-02-10 09:40:00', '$2y$10$92IXUNpkjO0rOQ5byMi.Ye4oKoEa3Ro9llC/.og/at2.uheWG/igi', 3, '0qVBHYhhXr', '2020-02-10 09:40:00', '2020-02-10 09:40:00'),
(89, 'Prof. Mortimer Spinka Jr.', 'flatley.rey@example.com', '2020-02-10 09:40:00', '$2y$10$92IXUNpkjO0rOQ5byMi.Ye4oKoEa3Ro9llC/.og/at2.uheWG/igi', 3, 'PvXeBALxuj', '2020-02-10 09:40:00', '2020-02-10 09:40:00'),
(90, 'Herminia Berge', 'hbrekke@example.com', '2020-02-10 09:40:00', '$2y$10$92IXUNpkjO0rOQ5byMi.Ye4oKoEa3Ro9llC/.og/at2.uheWG/igi', 3, 'HeUKh6XIs9', '2020-02-10 09:40:00', '2020-02-10 09:40:00'),
(91, 'Cecil Gibson Sr.', 'erussel@example.com', '2020-02-11 06:12:55', '$2y$10$92IXUNpkjO0rOQ5byMi.Ye4oKoEa3Ro9llC/.og/at2.uheWG/igi', 3, 'g9gUJOaXVP', '2020-02-11 06:12:55', '2020-02-11 06:12:55'),
(92, 'Anastacio Cronin', 'gina45@example.org', '2020-02-11 06:12:55', '$2y$10$92IXUNpkjO0rOQ5byMi.Ye4oKoEa3Ro9llC/.og/at2.uheWG/igi', 3, 'wrmXRzD3BL', '2020-02-11 06:12:55', '2020-02-11 06:12:55'),
(93, 'Mrs. Araceli Dooley IV', 'schiller.archibald@example.net', '2020-02-11 06:12:55', '$2y$10$92IXUNpkjO0rOQ5byMi.Ye4oKoEa3Ro9llC/.og/at2.uheWG/igi', 3, 'hiwhUoqfaJ', '2020-02-11 06:12:55', '2020-02-11 06:12:55'),
(94, 'Dr. Jaleel Cartwright', 'koelpin.missouri@example.net', '2020-02-11 06:12:55', '$2y$10$92IXUNpkjO0rOQ5byMi.Ye4oKoEa3Ro9llC/.og/at2.uheWG/igi', 3, 'kJsdmUnOpJ', '2020-02-11 06:12:55', '2020-02-11 06:12:55'),
(95, 'Gay Funk', 'pinkie21@example.net', '2020-02-11 06:12:55', '$2y$10$92IXUNpkjO0rOQ5byMi.Ye4oKoEa3Ro9llC/.og/at2.uheWG/igi', 3, 'M8MWRtq0JE', '2020-02-11 06:12:55', '2020-02-11 06:12:55'),
(96, 'Prof. Amelie Weissnat V', 'hryan@example.org', '2020-02-11 06:12:55', '$2y$10$92IXUNpkjO0rOQ5byMi.Ye4oKoEa3Ro9llC/.og/at2.uheWG/igi', 3, 'X8XML1Bdz8', '2020-02-11 06:12:55', '2020-02-11 06:12:55'),
(97, 'Brooke Lowe', 'jernser@example.com', '2020-02-11 06:12:55', '$2y$10$92IXUNpkjO0rOQ5byMi.Ye4oKoEa3Ro9llC/.og/at2.uheWG/igi', 3, '7EHGXoKpTj', '2020-02-11 06:12:55', '2020-02-11 06:12:55'),
(98, 'Grayce Koepp', 'aron.lemke@example.com', '2020-02-11 06:12:55', '$2y$10$92IXUNpkjO0rOQ5byMi.Ye4oKoEa3Ro9llC/.og/at2.uheWG/igi', 3, 'htIwDACTmH', '2020-02-11 06:12:55', '2020-02-11 06:12:55'),
(99, 'Kristina Hagenes MD', 'arthur99@example.net', '2020-02-11 06:12:55', '$2y$10$92IXUNpkjO0rOQ5byMi.Ye4oKoEa3Ro9llC/.og/at2.uheWG/igi', 3, 'YBXUUU9pdv', '2020-02-11 06:12:55', '2020-02-11 06:12:55'),
(100, 'Miss Freda Kassulke', 'hudson.funk@example.com', '2020-02-11 06:12:55', '$2y$10$92IXUNpkjO0rOQ5byMi.Ye4oKoEa3Ro9llC/.og/at2.uheWG/igi', 3, 'TOhscwN6n7', '2020-02-11 06:12:55', '2020-02-11 06:12:55'),
(101, 'Peyton Schinner', 'xzavier.legros@example.org', '2020-02-11 06:12:55', '$2y$10$92IXUNpkjO0rOQ5byMi.Ye4oKoEa3Ro9llC/.og/at2.uheWG/igi', 3, 'aLdJ6BIgsC', '2020-02-11 06:12:55', '2020-02-11 06:12:55'),
(102, 'Jaida Glover', 'bgulgowski@example.org', '2020-02-11 06:12:55', '$2y$10$92IXUNpkjO0rOQ5byMi.Ye4oKoEa3Ro9llC/.og/at2.uheWG/igi', 3, 'ckPIiP3Pm9', '2020-02-11 06:12:55', '2020-02-11 06:12:55'),
(103, 'Sherwood Huel', 'hill.lucas@example.net', '2020-02-11 06:12:55', '$2y$10$92IXUNpkjO0rOQ5byMi.Ye4oKoEa3Ro9llC/.og/at2.uheWG/igi', 3, 'Q9ruhckevD', '2020-02-11 06:12:55', '2020-02-11 06:12:55'),
(104, 'Janis Quigley II', 'adriana60@example.com', '2020-02-11 06:12:55', '$2y$10$92IXUNpkjO0rOQ5byMi.Ye4oKoEa3Ro9llC/.og/at2.uheWG/igi', 3, 'YcEApQKKWk', '2020-02-11 06:12:55', '2020-02-11 06:12:55'),
(105, 'Dixie Durgan', 'oberbrunner.myrtle@example.net', '2020-02-11 06:12:55', '$2y$10$92IXUNpkjO0rOQ5byMi.Ye4oKoEa3Ro9llC/.og/at2.uheWG/igi', 3, 'fGB0dkB8ma', '2020-02-11 06:12:55', '2020-02-11 06:12:55'),
(106, 'Shanny Murazik', 'christiansen.rodrick@example.net', '2020-02-11 06:12:55', '$2y$10$92IXUNpkjO0rOQ5byMi.Ye4oKoEa3Ro9llC/.og/at2.uheWG/igi', 3, '5raPTHt65E', '2020-02-11 06:12:55', '2020-02-11 06:12:55'),
(107, 'Makayla Hammes', 'fahey.clement@example.org', '2020-02-11 06:12:55', '$2y$10$92IXUNpkjO0rOQ5byMi.Ye4oKoEa3Ro9llC/.og/at2.uheWG/igi', 3, 'xDR1bSzsfM', '2020-02-11 06:12:55', '2020-02-11 06:12:55'),
(108, 'Jamel Turcotte', 'prohaska.lew@example.org', '2020-02-11 06:12:55', '$2y$10$92IXUNpkjO0rOQ5byMi.Ye4oKoEa3Ro9llC/.og/at2.uheWG/igi', 3, 'x3IyZlhI2N', '2020-02-11 06:12:55', '2020-02-11 06:12:55'),
(109, 'Sarina Goyette', 'mayert.wilfrid@example.net', '2020-02-11 06:12:55', '$2y$10$92IXUNpkjO0rOQ5byMi.Ye4oKoEa3Ro9llC/.og/at2.uheWG/igi', 3, '0o6LgPU6FC', '2020-02-11 06:12:55', '2020-02-11 06:12:55'),
(110, 'Prof. Trace Abernathy III', 'dibbert.adriana@example.com', '2020-02-11 06:12:55', '$2y$10$92IXUNpkjO0rOQ5byMi.Ye4oKoEa3Ro9llC/.og/at2.uheWG/igi', 3, 'clZEvlenQW', '2020-02-11 06:12:55', '2020-02-11 06:12:55'),
(111, 'Douglas Feil', 'tristin.baumbach@example.org', '2020-02-11 06:12:55', '$2y$10$92IXUNpkjO0rOQ5byMi.Ye4oKoEa3Ro9llC/.og/at2.uheWG/igi', 3, 'ADu28i2VoP', '2020-02-11 06:12:55', '2020-02-11 06:12:55'),
(112, 'Kayley Mosciski DDS', 'francesca.hintz@example.com', '2020-02-11 06:12:55', '$2y$10$92IXUNpkjO0rOQ5byMi.Ye4oKoEa3Ro9llC/.og/at2.uheWG/igi', 3, 'KbT8vx5B2z', '2020-02-11 06:12:55', '2020-02-11 06:12:55'),
(113, 'Kole Hintz', 'hettinger.stanford@example.net', '2020-02-11 06:12:55', '$2y$10$92IXUNpkjO0rOQ5byMi.Ye4oKoEa3Ro9llC/.og/at2.uheWG/igi', 3, 'BVdQ3oitVK', '2020-02-11 06:12:55', '2020-02-11 06:12:55'),
(114, 'Orlando Crona', 'bret.kutch@example.net', '2020-02-11 06:12:55', '$2y$10$92IXUNpkjO0rOQ5byMi.Ye4oKoEa3Ro9llC/.og/at2.uheWG/igi', 3, 'Nwa2spLKA8', '2020-02-11 06:12:55', '2020-02-11 06:12:55'),
(115, 'Ernestine King PhD', 'ofarrell@example.net', '2020-02-11 06:12:55', '$2y$10$92IXUNpkjO0rOQ5byMi.Ye4oKoEa3Ro9llC/.og/at2.uheWG/igi', 3, '1r0VIFtZDy', '2020-02-11 06:12:55', '2020-02-11 06:12:55'),
(116, 'Faye Ondricka Jr.', 'block.ashton@example.org', '2020-02-11 06:12:55', '$2y$10$92IXUNpkjO0rOQ5byMi.Ye4oKoEa3Ro9llC/.og/at2.uheWG/igi', 3, 'a9bdKRlbBE', '2020-02-11 06:12:55', '2020-02-11 06:12:55'),
(117, 'Jay Goodwin', 'kemmer.reggie@example.net', '2020-02-11 06:12:55', '$2y$10$92IXUNpkjO0rOQ5byMi.Ye4oKoEa3Ro9llC/.og/at2.uheWG/igi', 3, 'O5DWaCPkSu', '2020-02-11 06:12:55', '2020-02-11 06:12:55'),
(118, 'Ms. Aida Rice MD', 'carter.trystan@example.org', '2020-02-11 06:12:55', '$2y$10$92IXUNpkjO0rOQ5byMi.Ye4oKoEa3Ro9llC/.og/at2.uheWG/igi', 3, 'SanUM5fqXm', '2020-02-11 06:12:55', '2020-02-11 06:12:55'),
(119, 'Dr. Khalid Leannon', 'vberge@example.com', '2020-02-11 06:12:55', '$2y$10$92IXUNpkjO0rOQ5byMi.Ye4oKoEa3Ro9llC/.og/at2.uheWG/igi', 3, 'wHsgB998et', '2020-02-11 06:12:55', '2020-02-11 06:12:55'),
(120, 'Ms. Penelope Koss', 'simonis.marianne@example.net', '2020-02-11 06:12:55', '$2y$10$92IXUNpkjO0rOQ5byMi.Ye4oKoEa3Ro9llC/.og/at2.uheWG/igi', 3, '9Rhx3I62nd', '2020-02-11 06:12:55', '2020-02-11 06:12:55');

--
-- Constraints for dumped tables
--

--
-- Constraints for table `backgrounds`
--
ALTER TABLE `backgrounds`
  ADD CONSTRAINT `backgrounds_stu_id_foreign` FOREIGN KEY (`stu_id`) REFERENCES `students` (`id`) ON DELETE CASCADE;

--
-- Constraints for table `courses`
--
ALTER TABLE `courses`
  ADD CONSTRAINT `courses_department_id_foreign` FOREIGN KEY (`department_id`) REFERENCES `departments` (`id`) ON DELETE CASCADE;

--
-- Constraints for table `heads`
--
ALTER TABLE `heads`
  ADD CONSTRAINT `heads_head_id_foreign` FOREIGN KEY (`head_id`) REFERENCES `users` (`id`) ON DELETE CASCADE;

--
-- Constraints for table `head_of_departments`
--
ALTER TABLE `head_of_departments`
  ADD CONSTRAINT `head_of_departments_department_id_foreign` FOREIGN KEY (`department_id`) REFERENCES `departments` (`id`) ON DELETE CASCADE,
  ADD CONSTRAINT `head_of_departments_head_id_foreign` FOREIGN KEY (`head_id`) REFERENCES `heads` (`id`) ON DELETE CASCADE;

--
-- Constraints for table `pass_courses`
--
ALTER TABLE `pass_courses`
  ADD CONSTRAINT `pass_courses_course_id_foreign` FOREIGN KEY (`course_id`) REFERENCES `courses` (`id`) ON DELETE CASCADE,
  ADD CONSTRAINT `pass_courses_stu_id_foreign` FOREIGN KEY (`stu_id`) REFERENCES `students` (`id`) ON DELETE CASCADE;

--
-- Constraints for table `results`
--
ALTER TABLE `results`
  ADD CONSTRAINT `results_department_id_foreign` FOREIGN KEY (`department_id`) REFERENCES `departments` (`id`) ON DELETE CASCADE,
  ADD CONSTRAINT `results_stu_id_foreign` FOREIGN KEY (`stu_id`) REFERENCES `students` (`id`) ON DELETE CASCADE;

--
-- Constraints for table `select_departments`
--
ALTER TABLE `select_departments`
  ADD CONSTRAINT `select_departments_department_id_1_foreign` FOREIGN KEY (`department_id_1`) REFERENCES `departments` (`id`) ON DELETE CASCADE,
  ADD CONSTRAINT `select_departments_department_id_2_foreign` FOREIGN KEY (`department_id_2`) REFERENCES `departments` (`id`) ON DELETE CASCADE,
  ADD CONSTRAINT `select_departments_department_id_3_foreign` FOREIGN KEY (`department_id_3`) REFERENCES `departments` (`id`) ON DELETE CASCADE,
  ADD CONSTRAINT `select_departments_stu_id_foreign` FOREIGN KEY (`stu_id`) REFERENCES `students` (`id`) ON DELETE CASCADE;

--
-- Constraints for table `students`
--
ALTER TABLE `students`
  ADD CONSTRAINT `students_department_id_foreign` FOREIGN KEY (`department_id`) REFERENCES `departments` (`id`) ON DELETE CASCADE,
  ADD CONSTRAINT `students_location_id_foreign` FOREIGN KEY (`location_id`) REFERENCES `locations` (`id`) ON DELETE CASCADE,
  ADD CONSTRAINT `students_stu_id_foreign` FOREIGN KEY (`stu_id`) REFERENCES `users` (`id`) ON DELETE CASCADE;

--
-- Constraints for table `users`
--
ALTER TABLE `users`
  ADD CONSTRAINT `users_role_id_foreign` FOREIGN KEY (`role_id`) REFERENCES `roles` (`id`) ON DELETE CASCADE;
COMMIT;

/*!40101 SET CHARACTER_SET_CLIENT=@OLD_CHARACTER_SET_CLIENT */;
/*!40101 SET CHARACTER_SET_RESULTS=@OLD_CHARACTER_SET_RESULTS */;
/*!40101 SET COLLATION_CONNECTION=@OLD_COLLATION_CONNECTION */;
